id,nombre,cargo,grupo,nucleo,nivel_riesgo,nivel_influencia,avatar_local,iniciales,descripcion,fuente_nombre,fuente_url,fecha_corte,fractura_nivel,fractura_motivo,op_politica,cap_conciliadora,com_conectiva,legitimidad,resiliencia,foda_fortalezas,foda_oportunidades,foda_debilidades,foda_amenazas
sheinbaum,Claudia Sheinbaum Pardo,Presidenta de México,Sheinbaum,A,medio,10,,CS,Presidenta de México desde el 1 de octubre de 2024. Ha acelerado la reconfiguración de su gabinete rumbo a 2027 y sostiene una postura de defensa de soberanía ante la presión de Washington por huachicol fiscal y revocación de visas a políticos mexicanos.,El Financiero,https://www.elfinanciero.com.mx/nacional/2026/04/05/que-cambios-ha-hecho-claudia-sheinbaum-en-su-gabinete-presidencial/,2026-04-05,,,7,6,6,8,8,Control institucional consolidado sobre el gabinete y Morena; alta legitimidad electoral; comunicación diaria directa (mañanera).,Renegociación del T-MEC como espacio para fijar agenda propia distinta a la de AMLO; margen para mostrar resultados propios en seguridad antes de 2027.,Dependencia de la narrativa y figuras heredadas de AMLO (comparaciones constantes); tensión con la familia López Beltrán por el caso de Andy.,"Presión sostenida de la administración Trump (aranceles, amenazas de intervención militar, revocación de visas); crisis de seguridad en Sinaloa y el caso Rocha Moya golpeando la credibilidad de Morena."
amlo,Andrés Manuel López Obrador,Expresidente / fundador de Morena,AMLO,A,medio,8,,AM,Expresidente de México (2018-2024) y fundador de Morena. Continúa activo políticamente desde Palenque y Tabasco; su círculo familiar quedó bajo presión tras la revocación de visas estadounidenses a sus hijos en agosto de 2026.,El Universal (Mario Maldonado),https://www.eluniversal.com.mx/opinion/mario-maldonado/la-reaccion-de-sheinbaum-a-la-carta-de-andy/,2026-08-17,alto,Fundador del movimiento con base de poder propia e independiente de Sheinbaum; posible tensión de sucesión hacia 2030.,,,,,,,,,
andy,Andrés Manuel López Beltrán ('Andy'),Operador político en Tabasco / Morena,AMLO,B,alto,6,,AL,"Hijo de AMLO y figura operativa de Morena en Tabasco. Estados Unidos le revocó la visa en agosto de 2026; ha sido señalado en distintos reportes periodísticos como posible vinculado a redes de huachicol fiscal, señalamiento que la Presidencia ha negado.",Yucatán (con Sheinbaum),https://www.yucatan.com.mx/mexico/2026/08/18/claudia-sheinbaum-niega-vinculo-de-hijo-de-amlo-con-huachicol-fiscal-retiro-de-visa-a-andy-lopez-beltran-es-tema-politico.html,2026-08-18,medio,Base política propia en Tabasco como operador de Morena; sin fricción abierta documentada con Sheinbaum todavía.,,,,,,,,,
alito,Alejandro 'Alito' Moreno,Dirigente nacional del PRI,Oposición (PRI),C,medio,5,,AM,Dirigente nacional del PRI y una de las voces más frecuentes de la oposición a Sheinbaum. La Presidencia lo ha señalado públicamente de pedir presión de Estados Unidos contra adversarios políticos mexicanos.,ViveUSA,https://www.viveusa.mx/noticias/sheinbaum-acusa-a-eu-de-injerencia-por-cancelar-la-visa-del-hijo-del-expresidente-lopez-obrador/,2026-08-15,,,,,,,,,,,
garcia_harfuch,Omar García Harfuch,Secretario de Seguridad y Protección Ciudadana,Sheinbaum,A,bajo,9,,OG,"Titular de la SSPC, pieza central del gabinete de seguridad de Sheinbaum desde el inicio del sexenio.",Yahoo Finanzas,https://es-us.finanzas.yahoo.com/noticias/conformado-gabinete-presidenta-claudia-sheinbaum-135858038.html,2024-10-01,bajo,"Cargo designado por Sheinbaum; su relevancia depende directamente de la confianza presidencial, sin base electoral propia.",,,,,,,,,
monreal,Ricardo Monreal,Presidente de la JUCOPO y Coordinador del Grupo Parlamentario de Morena en la Cámara de Diputados,Sheinbaum,B,bajo,9,,RM,Figura política más poderosa de la Cámara de Diputados. Controla la negociación del Presupuesto de Egresos de la Federación y las prioridades legislativas de la agenda presidencial.,Facebook Diputados Morena,https://www.facebook.com/diputadosmorena/posts/el-presidente-de-la-junta-de-coordinaci%C3%B3n-pol%C3%ADtica-jucopo-diputado-ricardo-monre/1564330738413752/,2026-08-26,medio,"Trayectoria e influencia propia como operador legislativo histórico de Morena, previo a la llegada de Sheinbaum.",,,,,,,,,
adan_augusto,Adán Augusto López Hernández,Exlíder de Morena en el Senado,AMLO,B,medio,6,,AA,"Dejó la coordinación de Morena en el Senado en febrero de 2026 para enfocarse en trabajo territorial rumbo a 2027; ha sido mencionado en la cobertura del caso de huachicol fiscal, sin imputación formal.",Quinto Poder,https://quinto-poder.mx/politicos/2026/04/04/reacomodo-del-gabinete-de-sheinbaum-en-lo-que-va-de-su-gobierno-65515.html,2026-04-04,medio,Base propia en Tabasco como exgobernador y exsecretario de Gobernación; mencionado (sin imputación) en el caso de huachicol fiscal.,,,,,,,,,
godoy,Ernestina Godoy,Fiscal General de la República,Sheinbaum,B,bajo,7,,EG,Dejó la Consejería Jurídica de la Presidencia en noviembre de 2025 para encabezar la Fiscalía General de la República tras la salida de Alejandro Gertz Manero.,El Financiero,https://www.elfinanciero.com.mx/nacional/2026/04/05/que-cambios-ha-hecho-claudia-sheinbaum-en-su-gabinete-presidencial/,2026-04-05,bajo,Cargo designado; trayectoria construida dentro del círculo cercano de Sheinbaum desde su etapa en la CDMX.,,,,,,,,,
gertz,Alejandro Gertz Manero,Exfiscal General / embajador designado en Alemania,Institucional,,medio,4,,AG,"Salió de la FGR y fue designado embajador de México en Alemania; en 2025 declaró que Rafael Ojeda Durán había denunciado 'problemas' en la Semar, versión que el propio Ojeda no confirmó como denuncia formal.",Proceso,https://www.proceso.com.mx/nacional/justicia/2026/5/12/ojeda-nunca-denuncio-el-caso-de-huachicol-fiscal-en-el-que-estan-implicados-sus-sobrinos-373940.html,2026-05-12,,,,,,,,,,,
montiel,Ariadna Montiel,Presidenta del Comité Ejecutivo Nacional de Morena,Sheinbaum,B,bajo,6,,AM,"Dejó la Secretaría de Bienestar en abril de 2026 para asumir la dirigencia nacional de Morena, en una jugada leída como fortalecimiento de la estructura partidista rumbo a 2027.",Expansión Política,https://politica.expansion.mx/mexico/2026/04/29/cambios-gabinete-sheinbaum-para-tomar-control-en-morena,2026-04-29,bajo,Cargo designado en la dirigencia de Morena; sin base electoral propia independiente.,,,,,,,,,
ebrard,Marcelo Ebrard,Secretario de Economía,Sheinbaum,B,bajo,8,,ME,"Titular de la Secretaría de Economía, a cargo de la negociación comercial con Estados Unidos y Canadá en el contexto de la revisión del T-MEC.",La Silla Rota,https://lasillarota.com/nacion/2026/5/1/gobierno-de-claudia-sheinbaum-estos-son-los-cambios-que-ha-habido-en-su-gabinete-592962.html,2026-05-01,alto,"Compitió directamente contra Sheinbaum por la candidatura presidencial de Morena en 2023; tiene peso político propio, no depende de ella para su relevancia.",,,,,,,,,
velasco,Roberto Velasco,Secretario de Relaciones Exteriores,Sheinbaum,,bajo,6,,RV,Asumió la SRE el 1 de abril de 2026 tras la salida de Juan Ramón de la Fuente por motivos de salud; enfrenta un contexto de tensión diplomática y comercial con Estados Unidos.,Periódico Correo,https://periodicocorreo.com.mx/nacional/2026/apr/02/gabinete-de-sheinbaum-cambios-en-areas-clave-a-ano-y-medio-de-su-gobierno-153761.html,2026-04-02,,,,,,,,,,,
ojeda,Rafael Ojeda Durán,Exsecretario de Marina,Institucional,,alto,3,,RO,"Exsecretario de Marina-Armada de México (2018-2024). Sus sobrinos políticos, los hermanos Farías Laguna, son señalados como líderes de la red de huachicol fiscal descubierta en la dependencia.",Infobae,https://www.infobae.com/mexico/2026/08/21/buques-empresas-fantasma-y-servidores-publicos-corruptos-el-mapa-del-huachicol-fiscal-que-llevo-a-farias-laguna-al-altiplano/,2026-08-21,,,,,,,,,,,
farias_manuel,Manuel Roberto Farías Laguna,Exvicealmirante de la Semar,Institucional,,alto,2,,MF,"Exvicealmirante de la Secretaría de Marina, detenido en septiembre de 2025 y preso en el penal del Altiplano, señalado como líder de la red de huachicol fiscal junto con su hermano Fernando.",Infobae,https://www.infobae.com/mexico/2026/08/21/buques-empresas-fantasma-y-servidores-publicos-corruptos-el-mapa-del-huachicol-fiscal-que-llevo-a-farias-laguna-al-altiplano/,2026-08-21,,,,,,,,,,,
farias_fernando,Fernando Farías Laguna,Excontralmirante de la Semar,Institucional,,alto,2,,FF,"Excontralmirante de la Marina, prófugo desde 2025; fue detenido en Buenos Aires el 23 de abril de 2026 con pasaporte falso y trasladado a México en agosto de 2026 por su presunto liderazgo en la red de huachicol fiscal.",Infobae,https://www.infobae.com/mexico/2026/08/21/buques-empresas-fantasma-y-servidores-publicos-corruptos-el-mapa-del-huachicol-fiscal-que-llevo-a-farias-laguna-al-altiplano/,2026-08-21,,,,,,,,,,,
marina_pilar,Marina del Pilar Ávila,Gobernadora de Baja California,Sheinbaum,,alto,5,,MP,"Gobernadora de Baja California; confirmó que a ella y a su esposo, un exdiputado, les fue revocada la visa estadounidense por 'una situación' relacionada con él, en el marco de una ola de retiros de visas a políticos mexicanos.",ProPublica,https://www.propublica.org/article/trump-mexico-travel-visa-restrictions-politicians-sheinbaum,2026-01-01,,,,,,,,,,,
trump,Donald Trump,Presidente de Estados Unidos,Trump (EEUU),A,alto,9,,DT,"Presidente de Estados Unidos. Su gobierno ha incrementado la presión sobre México en materia de huachicol fiscal, combate al narcotráfico y revocación de visas a decenas de políticos mexicanos señalados por vínculos con el crimen organizado.",ProPublica,https://www.propublica.org/article/trump-mexico-travel-visa-restrictions-politicians-sheinbaum,2026-01-01,,,,,,,,,,,
rubio,Marco Rubio,Secretario de Estado de Estados Unidos,Trump (EEUU),A,medio,7,,MR,"Secretario de Estado de Estados Unidos. Fue señalado directamente por Andy López Beltrán, en carta dirigida a Trump, de actuar en su contra por motivos políticos tras la revocación de su visa.",Récord,https://www.record.com.mx/historia/ee-uu-revoca-visa-a-hijos-de-amlo-aumenta-la-tension-con-politicos-mexicanos-2026081714081801658,2026-08-17,,,,,,,,,,,
rosa_icela,Rosa Icela Rodríguez,Secretaria de Gobernación,Sheinbaum,B,medio,7,,RI,"Titular de la Secretaría de Gobernación desde el inicio del sexenio, a cargo de la política interna. Su gestión ha enfrentado episodios de tensión, incluidas manifestaciones campesinas y de transportistas que alimentaron versiones de un posible relevo en el cargo.",Serpientes y Escaleras,https://serpientesyescaleras.mx/en-2026-la-presidenta-mueve-sus-piezas/,2025-12-15,bajo,Cargo designado; sin base electoral propia ni fricción documentada con el núcleo actual.,,,,,,,,,
rocha_moya,Rubén Rocha Moya,Gobernador de Sinaloa,Sheinbaum,C,alto,6,,RR,Gobernador de Sinaloa por Morena. En abril de 2026 fue formalmente acusado por fiscales federales de Estados Unidos (Distrito Sur de Nueva York) de narcotráfico y posesión de armas por presuntos vínculos con el Cártel de Sinaloa; se separó del cargo temporalmente y se reincorporó en agosto de 2026 tras 112 días de investigación de la FGR sin hallar pruebas en su contra. Es el funcionario de más alto rango de Morena señalado formalmente por la justicia estadounidense.,CNN en Español,https://cnnespanol.cnn.com/2026/08/21/mexico/rocha-moya-retoma-gobernador-sinaloa-narcotrafico-orix,2026-08-21,alto,"Gobernador con base electoral propia en Sinaloa, en fricción real y documentada con el gobierno federal por la acusación de EE.UU.",,,,,,,,,
luisa_maria_alcalde,Luisa María Alcalde,Consejera Jurídica de la Presidencia,Sheinbaum,C,medio,6,,LA,"Exdirigente nacional de Morena, asumió la Consejería Jurídica de la Presidencia el 1 de mayo de 2026. En agosto de 2026 proyectó en la conferencia matutina una presentación con nombres de periodistas, medios y políticos críticos al gobierno dentro del segmento 'Derecho de Réplica', lo que generó una fuerte controversia sobre censura y listas negras.",El Financiero,https://www.elfinanciero.com.mx/nacional/2026/08/14/sheinbaum-niega-que-4t-persiga-a-periodistas-no-son-listas-son-ejemplos/,2026-08-14,bajo,Cargo designado; su trayectoria depende de la estructura de Morena y de la confianza presidencial.,,,,,,,,,
jd_vance,JD Vance,Vicepresidente de Estados Unidos,Trump (EEUU),,medio,6,,JV,"Vicepresidente de Estados Unidos. Ha declarado públicamente que 'el tráfico de drogas debe parar', en el contexto de la presión de la administración Trump sobre México en materia de narcotráfico.",Infobae,https://www.infobae.com/mexico/2026/01/03/algo-habra-que-hacer-con-mexico-trump-asegura-que-ha-insitido-a-sheinbaum-atacar-a-los-carteles-del-narco/,2026-01-03,,,,,,,,,,,
landau,Christopher Landau,Subsecretario de Estado de Estados Unidos,Trump (EEUU),,medio,5,,CL,"Subsecretario de Estado de Estados Unidos. Fue señalado, junto con Marco Rubio, por Andy López Beltrán en su carta a Trump, de actuar en su contra por motivos políticos tras la revocación de su visa.",El Universal (Mario Maldonado),https://www.eluniversal.com.mx/opinion/mario-maldonado/la-reaccion-de-sheinbaum-a-la-carta-de-andy/,2026-08-17,,,,,,,,,,,
manzo,Carlos Manzo Rodríguez,Expresidente municipal de Uruapan (asesinado),Independiente,,alto,4,,CM,"Presidente municipal independiente de Uruapan, Michoacán, y crítico frontal del crimen organizado; exigía públicamente mayor intervención del Ejército y la Marina. Fue asesinado a tiros el 1 de noviembre de 2025 durante el Festival de las Velas. Su homicidio detonó protestas nacionales y el Plan Michoacán por la Paz y la Justicia del gobierno federal.",El Universal,https://www.eluniversal.com.mx/estados/lo-que-sabemos-del-asesinato-de-carlos-manzo-alcalde-de-uruapan/,2025-11-03,,,,,,,,,,,
alfonso_durazo,Alfonso Durazo Montaño,Gobernador de Sonora y Presidente del Consejo Nacional de Morena,Morena,B,bajo,6,,AD,"Gobernador de Sonora y presidente del Consejo Nacional de Morena, figura de peso territorial dentro del movimiento.",Análisis interno,,2026-08-22,medio,"Gobernador con base electoral propia en Sonora, independiente del cargo que ocupa en el gobierno federal.",,,,,,,,,
citlalli,Citlalli Hernández Mora,Presidenta de la Comisión Nacional de Elecciones de Morena,Morena,C,bajo,6,,CH,"Exsecretaria de las Mujeres; se sumó a la estructura de Morena en abril de 2026 al frente de la Comisión Nacional de Elecciones, clave en la definición de candidaturas rumbo a 2027.",La Silla Rota,https://lasillarota.com/nacion/2026/4/16/gobierno-de-claudia-sheinbaum-cuales-cambios-ha-habido-en-su-gabinete-592962.html,2026-04-16,bajo,Cargo designado en la dirigencia de Morena; sin base electoral propia independiente.,,,,,,,,,
manuel_velasco,Manuel Velasco Coello,Coordinador de senadores del Partido Verde,Oposición (PVEM),C,bajo,4,,MV,"Excoordinador de senadores del Partido Verde Ecologista, partido aliado de Morena en el Congreso.",Análisis interno,,2026-08-22,bajo,"Aliado legislativo externo (PVEM); su alineamiento depende del pacto con Morena, sin fricción documentada.",,,,,,,,,
mario_delgado,Mario Delgado Carrillo,Secretario de Educación Pública,Sheinbaum,C,bajo,6,,MD,"Exdirigente nacional de Morena, titular de la Secretaría de Educación Pública en el gabinete de Sheinbaum.",Análisis interno,,2026-08-22,bajo,"Cargo designado; su relevancia depende de la confianza presidencial, sin base electoral propia.",,,,,,,,,
sergio_salomon,Sergio Salomón Céspedes,Comisionado del Instituto Nacional de Migración,Sheinbaum,C,bajo,5,,SS,"Comisionado del Instituto Nacional de Migración, cargo sensible dado el frente migratorio con Estados Unidos.",Análisis interno,,2026-08-22,bajo,Cargo técnico designado; sin base política propia ni fricción documentada.,,,,,,,,,
ricardo_anaya,Ricardo Anaya Cortés,Dirigente opositor (PAN),Oposición (PAN),C,bajo,5,,RA,"Senador y Coordinador del Grupo Parlamentario del PAN en el Senado desde 2024; expresidente nacional del PAN y expresidente de la Cámara de Diputados. Ha liderado la oposición legislativa a la reforma electoral de Sheinbaum, exigiendo sanciones más duras a partidos que reciban dinero del crimen organizado, y encabezó el voto en contra de la ratificación de Roberto Velasco en la SRE por la postura del gobierno ante el informe de la ONU sobre desaparición forzada. Sin controversias personales relevantes documentadas.",PAN Senado / Wikipedia,https://www.pan.senado.gob.mx/integrantes/senador-ricardo-anaya-cortes/,2026-08-26,,,,,,,,,,,
jorge_romero,Jorge Romero Herrera,Dirigente nacional del PAN,Oposición (PAN),C,medio,5,,JR,"Presidente nacional del PAN desde el 19 de noviembre de 2024 (hasta 2027), tras ganar la elección interna con 78% de los votos. Diputado federal, expresidente de la Junta de Coordinación Política en la Cámara de Diputados (2021-2024). Reporta haber triplicado la preferencia electoral del PAN (de 7% a 21%) rumbo a 2027, atribuyéndolo al desgaste de Morena por señalamientos de vínculos con crimen organizado; rechaza acompañar la reforma electoral de Sheinbaum. En 2023 fue señalado por el caso 'Cártel Inmobiliario' en la CDMX, tras reportarse que un familiar suyo habría adquirido un departamento a bajo costo mediante la intercesión de un entonces diputado local panista.",Wikipedia (es) / SPR Informa,https://es.wikipedia.org/wiki/Jorge_Romero_Herrera,2026-08-26,,,,,,,,,,,
alvarez_maynez,Jorge Álvarez Máynez,Dirigente de Movimiento Ciudadano,Oposición (MC),C,bajo,4,,JA,"Excandidato presidencial y figura de Movimiento Ciudadano, tercera fuerza política nacional.",Análisis interno,,2026-08-22,,,,,,,,,,,
roberto_blanco_cantu,Roberto Blanco Cantú,Empresario,Red huachicol,,alto,3,,RB,Empresario señalado como nodo central en la red de huachicol fiscal vinculada a la Semar.,Análisis interno,,2026-08-22,,,,,,,,,,,
ernesto_ruffo,Ernesto Ruffo Appel,Exgobernador de Baja California,Red huachicol,,sin_evaluar,3,,ER,"Exgobernador de Baja California, señalado en la trama de huachicol fiscal según análisis interno.",Análisis interno,,2026-08-22,,,,,,,,,,,
riestra_fernandez,Armando III Riestra Fernández,Empresario,Red huachicol,,sin_evaluar,2,,AR,"Empresario señalado en la red de huachicol fiscal, según análisis interno.",Análisis interno,,2026-08-22,,,,,,,,,,,
goicoechea,Luis Jorge Goicoechea Sotomayor,Almirante,Red huachicol,,sin_evaluar,2,,LG,"Almirante de la Secretaría de Marina señalado en la red de huachicol fiscal, según análisis interno.",Análisis interno,,2026-08-22,,,,,,,,,,,
solano_ruiz,Miguel Ángel Solano Ruiz,"Capitán de Corbeta, Secretaría de Marina",Red huachicol,,sin_evaluar,1,,MS,"Capitán de Corbeta de la Semar, operador de la red ampliada de huachicol fiscal según análisis interno.",Análisis interno,,2026-08-22,,,,,,,,,,,
torres_joaquin,Alejandro Torres Joaquín,Exdirector de la Aduana de Tampico,Red huachicol,,sin_evaluar,1,,AT,"Exdirector de la Aduana de Tampico, operador aduanal de la red ampliada de huachicol fiscal según análisis interno.",Análisis interno,,2026-08-22,,,,,,,,,,,
soto_picha,Juan Carlos Soto Picha,Funcionario aduanal,Red huachicol,,sin_evaluar,1,,JS,Funcionario aduanal operador de la red ampliada de huachicol fiscal según análisis interno.,Análisis interno,,2026-08-22,,,,,,,,,,,
gonzalez_hemadi,Anuar González Hemadi,"Exjuez federal, exapoderado legal de Mefra Fletes",Red huachicol,,sin_evaluar,1,,AG,"Exjuez federal y exapoderado legal de Mefra Fletes, empresa señalada en la red ampliada de huachicol fiscal según análisis interno.",Análisis interno,,2026-08-22,,,,,,,,,,,
tijerina_mendoza,José René Tijerina Mendoza,"Empresario, socio de Mefra Fletes",Red huachicol,,sin_evaluar,1,,JT,"Empresario y socio de Mefra Fletes, señalado en la red ampliada de huachicol fiscal según análisis interno.",Análisis interno,,2026-08-22,,,,,,,,,,,
hernan_bermudez,Hernán Bermúdez Requena,Exsecretario de Seguridad Pública de Tabasco (prófugo),Red La Barredora,,alto,4,,HB,"Exsecretario de Seguridad Pública de Tabasco (2019-2024) durante la gubernatura de Adán Augusto López. Señalado por Sedena como líder del grupo criminal ""La Barredora"", vinculado al CJNG. Huyó de México en febrero de 2025 tras orden de aprehensión y ficha roja de Interpol.",Infobae,https://www.infobae.com/mexico/2025/07/21/la-barredora-aprovecho-el-tren-maya-para-distribuir-huachicol-y-rentar-terrenos-segun-reportes-militares/,2025-07-21,,,,,,,,,,,
carlos_merino,Carlos Merino Campos,Director de Aeropuertos y Servicios Auxiliares (ASA),Sheinbaum,,medio,4,,CM,"Gobernador interino de Tabasco tras la salida de Adán Augusto López; mantuvo a Hernán Bermúdez Requena como secretario de Seguridad pese a los señalamientos. Actualmente dirige ASA, responsable de la red aeroportuaria y el abastecimiento de combustible para aviones.",Impacto Noticias,https://impactonoticias.com.mx/mexico/la-barredora-intento-vender-huachicol-para-el-tren-maya-mcci/,2025-07-23,,,,,,,,,,,
lazaro_cardenas_batel,Lázaro Cárdenas Batel,Jefe de la Oficina de la Presidencia de la República,Sheinbaum,,bajo,3,,LC,Jefe de la Oficina de la Presidencia desde el 1 de octubre de 2024. Hijo de Cuauhtémoc Cárdenas y nieto de Lázaro Cárdenas del Río; fue jefe de Asesores de AMLO (2018-2023) y secretario permanente de la CELAC. Gobernador de Michoacán 2002-2008 (primer mandatario no priista del estado). Sheinbaum lo describió como alguien de 'toda su confianza'; sin controversias públicas relevantes documentadas.,El Universal,https://www.eluniversal.com.mx/nacion/lazaro-cardenas-batel-el-hombre-de-toda-la-confianza-de-sheinbaum-que-sera-jefe-de-la-oficina-que-revivio/,2026-08-24,,,,,,,,,,,
luz_elena_gonzalez_escobar,Luz Elena González Escobar,Secretaria de Energía,Sheinbaum,,bajo,3,,LE,"Secretaria de Energía desde el 1 de octubre de 2024. Economista por la UNAM, fue secretaria de Administración y Finanzas de la CDMX (2018-2024), donde redujo la deuda de la ciudad 7.8% sin subir impuestos. Sin experiencia técnica previa en el sector energético, pero es una de las colaboradoras de mayor confianza de Sheinbaum; sin controversias públicas relevantes documentadas.",CNN en Español,https://cnnespanol.cnn.com/2024/06/27/quien-es-luz-elena-gonzalez-escobar-futura-secretaria-energia-mexico-orix/,2026-08-24,,,,,,,,,,,
altagracia_gomez_sierra,Altagracia Gómez Sierra,Coordinadora del Consejo Asesor de Desarrollo Económico Regional y Relocalización,Sheinbaum,,bajo,3,,AG,"Coordinadora del Consejo Asesor de Desarrollo Económico Regional y Relocalización de Empresas desde noviembre de 2024, cargo honorífico sin salario gubernamental (aclarado por Sheinbaum tras críticas). Empresaria de Jalisco, hija del fundador de Minsa; abogada por la Escuela Libre de Derecho con estudios en Harvard Business School. Coordina a 14 empresarios (7 mujeres, 7 hombres) para atraer inversión privada y relocalización industrial; es una de las principales interlocutoras del sector empresarial con Palacio Nacional.",El Financiero (Bloomberg Businessweek),https://www.elfinanciero.com.mx/bloomberg-businessweek/2025/08/07/altagracia-la-socia-estrategica-del-nuevo-poder-economico/,2026-08-24,,,,,,,,,,,
jose_antonio_pena_merino,José Antonio Peña Merino,Titular de la Agencia de Transformación Digital y Telecomunicaciones,Sheinbaum,,sin_evaluar,3,,JA,"Titular de la Agencia de Transformación Digital y Telecomunicaciones (análisis interno, red personal).",Análisis interno,,2026-08-22,,,,,,,,,,,
clara_brugada_molina,Clara Brugada Molina,Jefa de Gobierno de la Ciudad de México,Sheinbaum,,medio,3,,CB,"Jefa de Gobierno de la Ciudad de México desde el 5 de octubre de 2024, electa con 51.9% de los votos (2,888,097). Exalcaldesa de Iztapalapa (2018-2023) y fundadora de las 'Utopías'. Al 30 de julio de 2026 enfrenta tres investigaciones administrativas abiertas y el antecedente del asesinato de dos de sus colaboradores en mayo de 2025; su aprobación ciudadana ha oscilado entre 61-63% pese al alza en percepción de inseguridad.",Cultura Colectiva,https://news.culturacolectiva.com/noticias/mexico/gobierno-mexico/quien-es-clara-brugada/,2026-07-30,,,,,,,,,,,
jose_ramon_lopez_beltran,José Ramón López Beltrán,Hijo de Andrés Manuel López Obrador,AMLO,,alto,3,,JR,"Hijo mayor de AMLO, sin cargo público formal. Ha sido señalado repetidamente por un estilo de vida de lujo (hoteles y tiendas de lujo en Cozumel, Cancún y Houston) que contrasta con la austeridad que predicó su padre. En abril de 2026 el exfuncionario Simón Levy denunció que estaría bajo investigación en EE.UU. por presunto lavado de dinero y triangulación de recursos, señalamiento que él ha negado. Diputados del PAN han presentado denuncias en su contra por presunto uso indebido de influencia.",Infobae,https://politico.mx/2026/04/09/hijo-de-amlo-en-la-mira-de-eua-revelan-presunta-investigacion-vs-jose-ramon-por-lavado-de-dinero/,2026-08-24,,,,,,,,,,,
gonzalo_lopez_beltran,Gonzalo López Beltrán,Hijo de Andrés Manuel López Obrador,AMLO,,alto,3,,GL,"Tercer hijo de AMLO, sin cargo público formal; fungió como 'supervisor honorífico' del Tren Interoceánico según su padre. Tras el descarrilamiento del 28 de diciembre de 2025 en Oaxaca (14 muertos, 109 heridos) y un segundo descarrilamiento el 14 de julio de 2026, el PAN presentó denuncias penales en su contra ante la FGR por homicidio culposo, tráfico de influencias y otros delitos, señalándolo como único supervisor de la obra. En 2024 Latinus/Loret de Mola lo vinculó, junto con el empresario Amílcar Olán, a una presunta red de tráfico de influencias en contratos del Tren Maya (negocio de balasto). En abril de 2026 fue mencionado en una columna sobre una presunta red del 'Cártel de la Limpieza'. En agosto de 2026 comenzó a operar políticamente dentro de Morena en la Ciudad de México.",El Universal / Infobae,https://www.eluniversal.com.mx/nacion/pan-denuncia-a-hijo-de-amlo-por-descarrilamientos-del-tren-interoceanico-acusa-que-fue-el-unico-supervisor-de-la-obra/,2026-08-24,,,,,,,,,,,
jesus_ramirez_cuevas,Jesús Ramírez Cuevas,Coordinador de Asesores de la Presidencia de la República,AMLO,,medio,3,,JR,"Coordinador de Asesores de la Presidencia desde octubre de 2024; fue vocero de AMLO y coordinador de Comunicación Social de 2018 a 2024. En 2026 ha sido señalado -sin acusación formal- por el libro 'Ni Venganza ni Perdón' (Scherer Ibarra/Fernández Menéndez) y por prensa, vinculándolo a un presunto desvío de 27 mil mdp del decreto de indemnización a extrabajadores de Luz y Fuerza del Centro, a redes de financiamiento opacas y, según una columna de Riva Palacio (abril 2025), a haber estado 'en la mira' de inteligencia de EE.UU.",Cultura Colectiva,https://news.culturacolectiva.com/noticias/mexico/gobierno-mexico/quien-es-jesus-ramirez-cuevas/,2026-08-05,,,,,,,,,,,
rafael_marin_mollinedo,Rafael Marín Mollinedo,Delegado de la Secretaría de Gobernación en Yucatán,AMLO,,sin_evaluar,3,,RM,"Delegado de la Secretaría de Gobernación en Yucatán (análisis interno, red personal).",Análisis interno,,2026-08-22,,,,,,,,,,,
octavio_romero_oropeza,Octavio Romero Oropeza,Director General del INFONAVIT,AMLO,,sin_evaluar,3,,OR,"Director General del INFONAVIT (análisis interno, red personal).",Análisis interno,,2026-08-22,,,,,,,,,,,
rocio_nahle_garcia,Rocío Nahle García,Gobernadora de Veracruz,AMLO,,sin_evaluar,3,,RN,"Gobernadora de Veracruz (análisis interno, red personal).",Análisis interno,,2026-08-22,,,,,,,,,,,
ignacio_mier_velazco,Ignacio Mier Velazco,Senador de la República y Presidente de la Junta de Coordinación Política del Senado,AMLO,,bajo,8,,IM,"Presidente de la JUCOPO y Coordinador del Grupo Parlamentario de Morena en el Senado. Encargado legal de negociar leyes, agenda del Congreso y presupuesto con los demás grupos parlamentarios.",,,2026-08-26,,,,,,,,,,,
layda_sansores_san_roman,Layda Sansores San Román,Gobernadora de Campeche,AMLO,,sin_evaluar,3,,LS,"Gobernadora de Campeche (análisis interno, red personal).",Análisis interno,,2026-08-22,,,,,,,,,,,
ronald_johnson,Ronald Johnson,Embajador de Estados Unidos en México,Trump (EEUU),,medio,3,,RJ,"Embajador de EE.UU. en México desde el 9 de abril de 2025 (confirmado por el Senado 49-46). Coronel retirado del ejército, exoficial de la CIA y exembajador en El Salvador. En su audiencia de confirmación no descartó una acción militar en suelo mexicano sin notificar a las autoridades si estuviera en riesgo la vida de un ciudadano estadounidense. En abril de 2026 protagonizó una crisis diplomática tras la muerte de dos agentes de la CIA en un accidente vehicular en la Sierra Tarahumara, Chihuahua, durante una operación antidrogas sin aviso previo al gobierno mexicano; México le envió una carta de extrañamiento diplomático.",Wikipedia (es),https://es.wikipedia.org/wiki/Ronald_Douglas_Johnson,2026-08-24,,,,,,,,,,,
pete_hegseth,Pete Hegseth,Secretario de Defensa de Estados Unidos,Trump (EEUU),,medio,3,,PH,"Secretario de Defensa ('Guerra') de Estados Unidos. Ha llevado la voz más beligerante de la administración Trump hacia México: comparó a los cárteles con Al-Qaeda e ISIS (mayo 2026), exigió a México 'dar un paso adelante para que nosotros no tengamos que hacerlo', y en agosto de 2026 anunció que EE.UU. prepara operaciones terrestres contra cárteles en América Latina, aunque sin confirmar ataques unilaterales dentro de México. Reconoce 'colaboración sin precedentes' con Sedena y Semar pese al tono de presión.",Infobae,https://www.infobae.com/mexico/2026/05/27/trump-y-pete-hegseth-advierten-guerra-total-contra-los-carteles-y-dejan-fuera-a-mexico/,2026-08-24,,,,,,,,,,,
stephen_miller,Stephen Miller,Subjefe de Gabinete de la Casa Blanca para Política,Trump (EEUU),,sin_evaluar,3,,SM,"Subjefe de Gabinete de la Casa Blanca para Política (análisis interno, red personal).",Análisis interno,,2026-08-22,,,,,,,,,,,
howard_lutnick,Howard Lutnick,Secretario de Comercio de Estados Unidos,Trump (EEUU),,sin_evaluar,3,,HL,"Secretario de Comercio de Estados Unidos (análisis interno, red personal).",Análisis interno,,2026-08-22,,,,,,,,,,,
jamieson_greer,Jamieson Greer,Representante Comercial de Estados Unidos,Trump (EEUU),,sin_evaluar,3,,JG,"Representante Comercial de Estados Unidos (análisis interno, red personal).",Análisis interno,,2026-08-22,,,,,,,,,,,
steve_witkoff,Steve Witkoff,Enviado Especial del Presidente de Estados Unidos,Trump (EEUU),,sin_evaluar,3,,SW,"Enviado Especial del Presidente de Estados Unidos (análisis interno, red personal).",Análisis interno,,2026-08-22,,,,,,,,,,,
terrance_cole,Terrance Cole,Director de la DEA,Trump (EEUU),,medio,3,,TC,"Administrador de la DEA desde el 23 de julio de 2025, confirmado por el Senado (50-47). Veterano de 22 años en la DEA (fue director regional interino para México, Canadá y Centroamérica) y exsecretario de Seguridad Pública de Virginia. Como prioridad, declaró el desmantelamiento de las redes de fentanilo y el crimen organizado transnacional, en línea directa con la presión de la administración Trump sobre los cárteles mexicanos.",DEA.gov,https://www.dea.gov/press-releases/2025/07/25/terrance-c-cole-sworn-administrator-us-drug-enforcement-administration,2025-07-25,,,,,,,,,,,
francisco_almazan_barocio,Francisco Almazán Barocio,Director General del Centro Nacional de Inteligencia,Sheinbaum,,bajo,3,,FA,"Director General del Centro Nacional de Inteligencia (CNI) desde septiembre de 2024. Considerado uno de los perfiles de mayor confianza de Omar García Harfuch, a quien sirvió de cerca cuando fue jefe de la Policía de Investigación (PDI) de la Fiscalía de la CDMX (2019-2024). Licenciado en Derecho con maestría en Derecho Penal; formación en la Policía de España y el FBI. Lideró la investigación del atentado contra García Harfuch en 2020 y el caso de corrupción policial 'Black Wall Street Capital' (2023, 7 policías detenidos). Sin controversias públicas propias documentadas.",Infobae,https://www.infobae.com/mexico/2024/09/18/quien-es-francisco-almazan-barocio-mano-derecha-de-omar-garcia-harfuch-que-podria-encabezar-el-centro-nacional-de-inteligencia-cni/,2026-08-24,,,,,,,,,,,
francisco_javier_moreno_montano,Francisco Javier Moreno Montaño,Comisionado del Servicio de Protección Federal,Sheinbaum,,bajo,3,,FJ,"Comisionado del Servicio de Protección Federal, dentro de la Secretaría de Seguridad y Protección Ciudadana que encabeza Omar García Harfuch. Perfil técnico de seguridad institucional, con escasa cobertura mediática individual disponible (dato de menor profundidad que el resto de este lote — no se localizó biografía detallada ni controversias públicas).",Análisis,,2026-08-24,,,,,,,,,,,
pablo_vazquez_camacho,Pablo Vázquez Camacho,Secretario de Seguridad Ciudadana de la Ciudad de México,Sheinbaum,,bajo,3,,PV,"Secretario de Seguridad Ciudadana de la Ciudad de México, ratificado por Clara Brugada al inicio de su gobierno (2024). Asumió el cargo tras la salida de Omar García Harfuch. Licenciado en Relaciones Internacionales por el ITAM, con maestría en Política Criminal por la London School of Economics y estudios sobre delincuencia organizada en Sicilia y Macedonia. Coordina programas de prevención como 'Alto al Fuego' y 'Reconecta con la Paz'; sin controversias públicas relevantes documentadas al corte.",El Universal,https://www.eluniversal.com.mx/metropoli/perfil-quien-es-pablo-vazquez-secretario-de-seguridad-ciudadana-de-la-cdmx/,2026-08-24,,,,,,,,,,,
marcela_figueroa_franco,Marcela Figueroa Franco,Secretaria Ejecutiva del Sistema Nacional de Seguridad Pública,Sheinbaum,,sin_evaluar,3,,MF,"Secretaria Ejecutiva del Sistema Nacional de Seguridad Pública (análisis interno, red personal).",Análisis interno,,2026-08-22,,,,,,,,,,,
omar_reyes_colmenares,Omar Reyes Colmenares,Titular de la Unidad de Inteligencia Financiera,Sheinbaum,,sin_evaluar,3,,OR,"Titular de la Unidad de Inteligencia Financiera (análisis interno, red personal).",Análisis interno,,2026-08-22,,,,,,,,,,,
israel_benitez_lopez,Israel Benítez López,Director General de Pemex Logística,Sheinbaum,,sin_evaluar,3,,IB,"Director General de Pemex Logística (análisis interno, red personal).",Análisis interno,,2026-08-22,,,,,,,,,,,
ricardo_trevilla_trejo,Ricardo Trevilla Trejo,Secretario de la Defensa Nacional,Sheinbaum,,sin_evaluar,3,,RT,"Secretario de la Defensa Nacional (análisis interno, red personal).",Análisis interno,,2026-08-22,,,,,,,,,,,
raymundo_pedro_morales_angeles,Raymundo Pedro Morales Ángeles,Secretario de Marina,Sheinbaum,,sin_evaluar,3,,RP,"Secretario de Marina (análisis interno, red personal).",Análisis interno,,2026-08-22,,,,,,,,,,,
luis_rodriguez_bucio,Luis Rodríguez Bucio,Comandante de la Guardia Nacional,Sheinbaum,,sin_evaluar,3,,LR,"Comandante de la Guardia Nacional (análisis interno, red personal).",Análisis interno,,2026-08-22,,,,,,,,,,,
leticia_ramirez_amaya,Leticia Ramírez Amaya,Secretaria de Bienestar,Sheinbaum,,bajo,3,,LR,"Secretaria de Bienestar desde el 29 de abril de 2026, tras la renuncia de Ariadna Montiel Reyes hacia la dirigencia de Morena. Profesora normalista de primaria por más de 12 años, con más de 25 años en la administración pública; fue secretaria de Educación Pública (2022-2024) con AMLO y coordinadora de Asuntos Intergubernamentales en la Presidencia con Sheinbaum. Describe una relación de confianza personal de larga data con la Presidenta ('nos conocemos desde hace muchísimos años'). Administra un padrón de más de 25 millones de beneficiarios de programas sociales; sin controversias públicas relevantes documentadas al corte.",Infobae,https://www.infobae.com/mexico/2026/04/29/del-gabinete-de-amlo-al-de-sheinbaum-quien-es-leticia-ramirez-la-nueva-titular-de-la-secretaria-del-bienestar/,2026-08-24,,,,,,,,,,,
ulises_lara_lopez,Ulises Lara López,Exfuncionario de la Fiscalía General de la República,Sheinbaum,,medio,3,,UL,"Fue encargado de despacho de la Fiscalía General de Justicia de la CDMX (enero 2024) tras la salida de Ernestina Godoy, después titular de la Fiscalía Especial en Investigación de Asuntos Relevantes de la FGR (enero 2026), cargo del que renunció por motivos personales en julio de 2026. Sociólogo por la UNAM con doctorado en Derecho; su nombramiento como fiscal generó controversia porque obtuvo su cédula de abogado mediante un procedimiento acelerado ('fast track') en 2024, lo que generó dudas públicas sobre su idoneidad para el cargo. Es descrito como amigo cercano de Sheinbaum desde su época de liderazgo estudiantil en la UNAM.",Infobae,https://www.infobae.com/mexico/2026/01/03/de-la-fiscalia-de-cdmx-a-la-fgr-ulises-lara-es-nombrado-fiscal-especial-en-investigacion-de-asuntos-relevantes/,2026-08-24,,,,,,,,,,,
arturo_zaldivar_lelo_de_larrea,Arturo Zaldívar Lelo de Larrea,Coordinador General de Política y Gobierno de la Presidencia de la República,Sheinbaum,,sin_evaluar,3,,AZ,"Coordinador General de Política y Gobierno de la Presidencia de la República (análisis interno, red personal).",Análisis interno,,2026-08-22,,,,,,,,,,,
pablo_gomez_alvarez,Pablo Gómez Álvarez,Exintegrante de la Comisión Presidencial para la Reforma Electoral,Sheinbaum,,sin_evaluar,3,,PG,"Exintegrante de la Comisión Presidencial para la Reforma Electoral (análisis interno, red personal).",Análisis interno,,2026-08-22,,,,,,,,,,,
luis_rosendo_gutierrez_romano,Luis Rosendo Gutiérrez Romano,Subsecretario de Comercio Exterior,Sheinbaum,,bajo,3,,LR,"Subsecretario de Comercio Exterior en la Secretaría de Economía que encabeza Marcelo Ebrard, con quien trabaja en la negociación de la revisión del T-MEC. Perfil técnico, con escasa cobertura mediática individual disponible (dato de menor profundidad que el resto de este lote — no se localizó biografía detallada ni controversias públicas).",Análisis,,2026-08-24,,,,,,,,,,,
ximena_escobedo_juarez,Ximena Escobedo Juárez,Subsecretaria de Industria y Comercio,Sheinbaum,,bajo,3,,XE,"Subsecretaria de Industria y Comercio en la Secretaría de Economía que encabeza Marcelo Ebrard. Perfil técnico, con escasa cobertura mediática individual disponible (dato de menor profundidad que el resto de este lote — no se localizó biografía detallada ni controversias públicas).",Análisis,,2026-08-24,,,,,,,,,,,
martha_delgado_peralta,Martha Delgado Peralta,Exsubsecretaria para Asuntos Multilaterales y Derechos Humanos de la SRE,Sheinbaum,,sin_evaluar,3,,MD,"Exsubsecretaria para Asuntos Multilaterales y Derechos Humanos de la SRE (análisis interno, red personal).",Análisis interno,,2026-08-22,,,,,,,,,,,
malu_micher_camarena,Malú Mícher Camarena,Senadora de la República,Sheinbaum,,sin_evaluar,3,,MM,"Senadora de la República (análisis interno, red personal).",Análisis interno,,2026-08-22,,,,,,,,,,,
jesus_valdes_pena,Jesús Valdés Peña,Coordinador Nacional de Avanzada Nacional,Sheinbaum,,sin_evaluar,3,,JV,"Coordinador Nacional de Avanzada Nacional (análisis interno, red personal).",Análisis interno,,2026-08-22,,,,,,,,,,,
vidal_llerenas_morales,Vidal Llerenas Morales,Subsecretario de Industria y Comercio,Sheinbaum,,sin_evaluar,3,,VL,"Subsecretario de Industria y Comercio (análisis interno, red personal).",Análisis interno,,2026-08-22,,,,,,,,,,,
gabriel_garcia_hernandez,Gabriel García Hernández,Delegado Nacional de Morena,Morena,,bajo,3,,GG,"Operador político y financiero de AMLO desde hace más de 20 años; fue coordinador de los 'superdelegados' federales (2018-2021) y secretario de Organización de Morena. Diputado federal por Morena desde septiembre de 2024. Economista por la UNAM con maestría en Finanzas Públicas por el INAP. Descrito como uno de los operadores menos mediáticos pero más influyentes del entorno de AMLO, con control histórico de la estructura territorial del partido. Sin controversias públicas relevantes documentadas.",El Heraldo de México,https://heraldodemexico.com.mx/nacional/2024/7/4/quien-es-gabriel-garcia-hernandez-diputado-por-mayoria-relativa-de-morena-617922.html,2026-08-24,,,,,,,,,,,
carlos_torres_rosas,Carlos Torres Rosas,Excoordinador General de Programas para el Desarrollo,Morena,,sin_evaluar,3,,CT,"Excoordinador General de Programas para el Desarrollo (análisis interno, red personal).",Análisis interno,,2026-08-22,,,,,,,,,,,
daniel_asaf_manjarrez,Daniel Asaf Manjarrez,Diputado federal por Morena,AMLO,,bajo,3,,DA,"Diputado federal por Morena, dentro de la red política de Andy López Beltrán en Tabasco. Perfil legislativo de segundo nivel, con escasa cobertura mediática individual disponible (dato de menor profundidad que el resto de este lote — no se localizó biografía detallada ni controversias públicas).",Análisis,,2026-08-24,,,,,,,,,,,
amilcar_olan_aparicio,Amílcar Olán Aparicio,Empresario,AMLO,,sin_evaluar,3,,AO,"Empresario (análisis interno, red personal).",Análisis interno,,2026-08-22,,,,,,,,,,,
alex_tonatiuh_marquez_hernandez,Álex Tonatiuh Márquez Hernández,Exdirector de Investigación Aduanera de la ANAM,AMLO,,sin_evaluar,3,,ÁT,"Exdirector de Investigación Aduanera de la ANAM (análisis interno, red personal).",Análisis interno,,2026-08-22,,,,,,,,,,,
mario_mabarak,Mario Mabarak,Empresario,AMLO,,sin_evaluar,3,,MM,"Empresario (análisis interno, red personal).",Análisis interno,,2026-08-22,,,,,,,,,,,
ricardo_pacheco,Ricardo Pacheco,Empresario,AMLO,,sin_evaluar,3,,RP,"Empresario (análisis interno, red personal).",Análisis interno,,2026-08-22,,,,,,,,,,,
bertha_lujan_uranga,Bertha Luján Uranga,Expresidenta del Consejo Nacional de Morena,Sheinbaum,,bajo,3,,BL,"Fundadora de Morena y presidenta de su Consejo Nacional (2015-2022); fue titular de la Contraloría del entonces Distrito Federal con AMLO (2000-2006) y secretaria del Trabajo en su 'gabinete legítimo'. Es madre de Luisa María Alcalde (secretaria de Gobernación) y de Bertha María Alcalde (titular del ISSSTE), y esposa del abogado laboralista Arturo Alcalde Justiniani — es decir, matriarca de una de las familias con mayor peso institucional simultáneo dentro del gobierno de Sheinbaum. Sin controversias públicas relevantes documentadas.",Wikipedia (es),https://es.wikipedia.org/wiki/Bertha_Luj%C3%A1n_Uranga,2026-08-24,,,,,,,,,,,
arturo_alcalde_justiniani,Arturo Alcalde Justiniani,Abogado laboralista y dirigente sindical,Sheinbaum,,bajo,3,,AA,Abogado laboralista y dirigente sindical de larga trayectoria en la izquierda mexicana. Esposo de Bertha Luján Uranga (fundadora de Morena) y padre de Luisa María Alcalde (secretaria de Gobernación) y Bertha María Alcalde (titular del ISSSTE) — patriarca de una de las familias con mayor peso institucional simultáneo dentro del gobierno de Sheinbaum. Sin cargo público formal ni controversias públicas relevantes documentadas.,Milenio,https://www.milenio.com/politica/es-bertha-lujan-uranga-porpuesta-para-la-corte,2026-08-24,,,,,,,,,,,
bertha_alcalde_lujan,Bertha Alcalde Luján,Fiscal General de Justicia de la Ciudad de México,Sheinbaum,,sin_evaluar,3,,BA,"Fiscal General de Justicia de la Ciudad de México (análisis interno, red personal).",Análisis interno,,2026-08-22,,,,,,,,,,,
marti_batres_guadarrama,Martí Batres Guadarrama,Director General del ISSSTE,Morena,,medio,3,,MB,"Director General del ISSSTE desde el 5 de octubre de 2024, sin periodo fijo. Fue jefe de Gobierno sustituto de la CDMX (2023-24) y presidente del Senado (2018-19). En abril de 2026 su hermana, la ministra de la Suprema Corte Lenia Batres, resolvió un amparo que benefició al ISSSTE con más de 5,000 millones de pesos en impuestos, lo que generó señalamientos públicos de conflicto de interés. Como jefe de Gobierno sustituto recibió medidas cautelares electorales del IECM por una denuncia del PAN (sin sanción firme al corte).",Cultura Colectiva,https://news.culturacolectiva.com/noticias/mexico/gobierno-mexico/quien-es-marti-batres/,2026-07-30,,,,,,,,,,,
juan_gamez,Juan de Dios Gámez Mendívil,Alcalde de Culiacán,Gobierno de Sinaloa,,alto,3,,JD,"Alcalde de Culiacán, señalado junto con Rocha Moya y otros funcionarios en la acusación de fiscales del Distrito Sur de Nueva York por presuntos vínculos con el Cártel de Sinaloa (análisis).",Análisis,,2026-08-23,,,,,,,,,,,
gerardo_merida,Gerardo Mérida Sánchez,Exsecretario de Seguridad Pública de Sinaloa,Gobierno de Sinaloa,,alto,3,,GM,"Exsecretario de Seguridad Pública de Sinaloa, señalado junto con Rocha Moya y otros funcionarios en la acusación de fiscales del Distrito Sur de Nueva York por presuntos vínculos con el Cártel de Sinaloa (análisis).",Análisis,,2026-08-23,,,,,,,,,,,
enrique_diaz_vega,Enrique Díaz Vega,Exsecretario de Administración y Finanzas de Sinaloa,Gobierno de Sinaloa,,alto,3,,ED,"Exsecretario de Administración y Finanzas de Sinaloa, señalado junto con Rocha Moya y otros funcionarios en la acusación de fiscales del Distrito Sur de Nueva York por presuntos vínculos con el Cártel de Sinaloa (análisis).",Análisis,,2026-08-23,,,,,,,,,,,
damaso_castro,Dámaso Castro Saavedra,Fiscal general adjunto de la Fiscalía de Sinaloa,Gobierno de Sinaloa,,alto,3,,DC,"Fiscal general adjunto de la Fiscalía de Sinaloa, señalado junto con Rocha Moya y otros funcionarios en la acusación de fiscales del Distrito Sur de Nueva York por presuntos vínculos con el Cártel de Sinaloa (análisis).",Análisis,,2026-08-23,,,,,,,,,,,
marco_almanzar,Marco Antonio Almánzar Zavilés,Exjefe de la Policía de Investigación del Estado,Gobierno de Sinaloa,,alto,3,,MA,"Exjefe de la Policía de Investigación del Estado, señalado junto con Rocha Moya y otros funcionarios en la acusación de fiscales del Distrito Sur de Nueva York por presuntos vínculos con el Cártel de Sinaloa (análisis).",Análisis,,2026-08-23,,,,,,,,,,,
enrique_inzunza,Enrique Inzunza Cázarez,"Senador por Sinaloa (independiente, ex-Morena)",Sin grupo parlamentario (salió de Morena el 26-ago-2026),,alto,4,,EI,"Senador por Sinaloa. El 26 de agosto de 2026 dejó la bancada de Morena tras negarse a solicitar licencia, pese a una solicitud de detención provisional con fines de extradición enviada por EE.UU. el 28 de abril de 2026 (Fiscalía Federal del Distrito Sur de Nueva York), por presuntos nexos con el Cártel de Sinaloa. Acumulaba más de 90 días de inasistencia al pleno. Continúa en el cargo con fuero constitucional, ejerciendo como legislador independiente; niega los señalamientos y los califica de ""lawfare"".",Infobae,https://www.infobae.com/mexico/2026/08/26/enrique-inzunza-sale-de-la-bancada-de-morena-en-el-senado-tras-negarse-a-pedir-licencia/,2026-08-26,,,,,,,,,,,
higinio_martinez,Higinio Martínez Miranda,"Senador por el Estado de México, próximo Presidente de la Mesa Directiva del Senado (desde el 1 de septiembre de 2026)",Morena,,bajo,7,,HM,Senador con enorme peso político en el Estado de México. Amarró el consenso de la bancada de Morena para presidir la Mesa Directiva del Senado a partir del 1 de septiembre de 2026.,Excélsior,https://www.excelsior.com.mx/politica/higinio-martinez-sera-presidente-senado,2026-08-26,,,,,,,,,,,
alberto_anaya,Alberto Anaya Gutiérrez,Coordinador del Grupo Parlamentario del PT en el Senado,Partido del Trabajo,,bajo,6,,AA,"Líder histórico del PT, encargado de alinear los votos de la izquierda aliada al gobierno en el Senado.",,,2026-08-26,,,,,,,,,,,
manuel_anorve,Manuel Añorve Baños,Coordinador del Grupo Parlamentario del PRI en el Senado,PRI,,bajo,6,,MA,"Controla los votos y el posicionamiento del bloque priista en el Senado, con peso en debates de alta tensión política.",,,2026-08-26,,,,,,,,,,,
clemente_castaneda,Clemente Castañeda Hoeflich,Coordinador del Grupo Parlamentario de Movimiento Ciudadano en el Senado,Movimiento Ciudadano,,bajo,6,,CC,"Dirige a la bancada naranja en el Senado, que actúa como ""voto bisagra"" cuando las votaciones entre oficialismo y oposición tradicional están muy cerradas.",,,2026-08-26,,,,,,,,,,,
carlos_puente_salas,Carlos Alberto Puente Salas,Coordinador del Grupo Parlamentario del PVEM en la Cámara de Diputados,Partido Verde,,bajo,6,,CA,El PVEM representa votos fundamentales en San Lázaro para mantener la supermayoría parlamentaria del gobierno.,,,2026-08-26,,,,,,,,,,,
reginaldo_sandoval,Reginaldo Sandoval Flores,Coordinador del Grupo Parlamentario del PT en la Cámara de Diputados,Partido del Trabajo,,bajo,6,,RS,Operador de izquierda que agrupa los votos de su partido para reformas constitucionales y leyes enviadas por el Ejecutivo.,,,2026-08-26,,,,,,,,,,,
kenia_lopez_rabadan,Kenia López Rabadán,Presidenta de la Mesa Directiva de la Cámara de Diputados (hasta el 31 de agosto de 2026),PAN,,bajo,7,,KL,Su cargo representa el máximo poder institucional y legal dentro de San Lázaro. Su gestión termina el 31 de agosto de 2026.,Cámara de Diputados,https://www.facebook.com/camaradediputados/posts/-la-diputada-kenia-l%C3%B3pez-rabad%C3%A1n-asumi%C3%B3-la-presidencia-de-la-mesa-directiva-de-l/1265710795593676/,2026-08-26,,,,,,,,,,,
noe_castanon,Noé Castañón Ramírez,Coordinador del Grupo Parlamentario del PAN en la Cámara de Diputados,PAN,,bajo,6,,NC,"Jefe político de la primera minoría opositora en la Cámara Baja, liderando la agenda y el debate frente a Morena.",,,2026-08-26,,,,,,,,,,,
ruben_moreira,Rubén Moreira Valdez,Coordinador del Grupo Parlamentario del PRI en la Cámara de Diputados,PRI,,bajo,6,,RM,"Estratega legislativo experimentado, comanda al bloque priista en debates técnicos sobre presupuestos y reformas constitucionales.",,,2026-08-26,,,,,,,,,,,
ivon_ortega,Ivon Ortega Pacheco,Coordinadora del Grupo Parlamentario de Movimiento Ciudadano en la Cámara de Diputados,Movimiento Ciudadano,,bajo,5,,IO,Dirige los escaños de la bancada naranja en San Lázaro; su papel cobra relevancia al romper o consolidar bloqueos legislativos del bloque oficialista.,,,2026-08-26,,,,,,,,,,,
carlos_slim,Carlos Slim Helú,Presidente de Grupo Carso y América Móvil,Sector empresarial,,bajo,8,,CS,"El empresario más influyente y con mayor riqueza de México. Su peso abarca telecomunicaciones, infraestructura, construcción y servicios financieros; interlocutor habitual de alto nivel con el gobierno.",,,2026-08-26,,,,,,,,,,,
jose_medina_mora,José Medina Mora Icaza,Presidente del Consejo Coordinador Empresarial (CCE),Sector empresarial,,bajo,7,,JM,"Cabeza del máximo órgano de representación del sector privado en México, voz oficial del empresariado frente al gobierno federal.",CCE,https://cce.org.mx/acerca-de/presidente/,2026-08-26,,,,,,,,,,,
juan_sierra_coparmex,Juan José Sierra Álvarez,Presidente Nacional de COPARMEX,Sector empresarial,,bajo,6,,JJ,"Dirige al sindicato patronal más grande del país, activo en discusiones sobre MiPymes, reformas laborales e iniciativas de beneficio social.",,,2026-08-26,,,,,,,,,,,
ricardo_salinas_pliego,Ricardo Salinas Pliego,"Presidente de Grupo Salinas (TV Azteca, Banco Azteca, Elektra)",Sector empresarial,,medio,8,,RS,Empresario influyente y polémico. Su alcance mediático y postura de abierta confrontación en redes sociales contra las políticas fiscales y económicas del gobierno lo convierten en un contrapeso empresarial muy visible.,,,2026-08-26,,,,,,,,,,,
claudio_x_gonzalez,Claudio X. González Guajardo,"Activista, abogado y empresario",Sociedad civil / oposición ciudadana,,bajo,6,,CX,"Principal articulador de los bloques de oposición ciudadana y partidista (promotor de alianzas como Va por México). Opera a través de Mexicanos Primero y Sí por México, impulsando fiscalización ciudadana y defensa de organismos autónomos.",,,2026-08-26,,,,,,,,,,,
ciro_gomez_leyva,Ciro Gómez Leyva,Periodista y conductor (radio y televisión),Medios de comunicación,,bajo,7,,CG,Uno de los líderes de opinión más escuchados en radio matutina y televisión nocturna. Referente del debate periodístico y termómetro de la relación gobierno-prensa.,,,2026-08-26,,,,,,,,,,,
lopez_doriga,Joaquín López-Dóriga,Periodista (Radio Fórmula y plataformas digitales),Medios de comunicación,,bajo,7,,JL,"Periodista histórico de la televisión mexicana, ahora concentrado en radio y plataformas digitales. Amplias redes de contactos políticos y capacidad para fijar tendencias de opinión.",,,2026-08-26,,,,,,,,,,,
loret_de_mola,Carlos Loret de Mola,Periodista y conductor (Latinus),Medios de comunicación,,bajo,8,,CL,"Su influencia proviene del periodismo de investigación, enfocado en documentar casos de corrupción, asignación de contratos y operaciones del círculo cercano al gobierno federal.",,,2026-08-26,,,,,,,,,,,
azucena_uresti,Azucena Uresti,"Conductora y periodista (Radio Fórmula, Grupo Multimedios)",Medios de comunicación,,bajo,7,,AU,Ganó enorme influencia por su cobertura de violencia de género y seguridad en los estados; una de las voces femeninas más escuchadas del gremio.,,,2026-08-26,,,,,,,,,,,
carmen_aristegui,Carmen Aristegui,"Periodista (Aristegui Noticias, CNN en Español)",Medios de comunicación,,bajo,8,,CA,"Una de las periodistas más influyentes de México, con periodismo de investigación sobre corrupción, abuso de poder y derechos humanos.",Reuters Institute (Oxford),https://reutersinstitute.politics.ox.ac.uk/es/news-creators-influencers/2025/mexico,2026-08-26,,,,,,,,,,,
raymundo_riva_palacio,Raymundo Riva Palacio,Columnista (El Financiero) y director de Eje Central,Medios de comunicación,,bajo,6,,RR,"Columnista indispensable para la clase política, conocido por sus redes de información confidencial dentro del gobierno y las agencias de seguridad.",,,2026-08-26,,,,,,,,,,,
adela_micha,Adela Micha,"Periodista (La Saga, plataforma digital propia)",Medios de comunicación,,bajo,6,,AM,"Tras salir de la televisión tradicional construyó su propia plataforma digital independiente, con enorme influencia en entrevista política.",,,2026-08-26,,,,,,,,,,,
julio_hernandez_lopez,Julio Hernández López,"Columnista (""Astillero"", La Jornada) y director de canal digital propio",Medios de comunicación,,bajo,6,,JH,"Una de las voces de izquierda e independientes más respetadas, con gran impacto en las bases del partido gobernante.",,,2026-08-26,,,,,,,,,,,
pascal_beltran,Pascal Beltrán del Río,"Director editorial de Excélsior, conductor en Imagen Radio",Medios de comunicación,,bajo,6,,PB,Representa una línea editorial más institucional y técnica dentro de los medios tradicionales.,,,2026-08-26,,,,,,,,,,,
pepe_cardenas,Pepe Cárdenas,Conductor (Grupo Fórmula),Medios de comunicación,,bajo,6,,PC,"Encargado de espacios informativos vespertinos clave donde desfilan diariamente gobernadores, senadores y secretarios de Estado.",,,2026-08-26,,,,,,,,,,,
hector_de_mauleon,Héctor de Mauleón,Columnista y periodista de investigación (El Universal),Medios de comunicación,,bajo,6,,HD,"Investigaciones sobre redes de crimen organizado, corrupción política, seguridad pública e historia urbana de la CDMX; voz clave del debate nacional.",,,2026-08-26,,,,,,,,,,,
denise_maerker,Denise Maerker,"Periodista (Radio Fórmula, El Universal), conductora de ""Es la Hora de Opinar""",Medios de comunicación,,bajo,7,,DM,Ex-conductora del noticiero estelar de Televisa (En Punto). Su peso radica en su credibilidad y estilo riguroso y objetivo.,,,2026-08-26,,,,,,,,,,,
victor_trujillo_brozo,"Víctor Trujillo (""Brozo"")","Político, comediante y periodista",Medios de comunicación,,bajo,6,,VT,"A través de su personaje ""Brozo"" ejerce influencia masiva mediante sátira política, crítica directa al poder y entrevistas de alto impacto.",,,2026-08-26,,,,,,,,,,,
pedro_ferriz,Pedro Ferriz de Con,Comunicador (radio y medios independientes),Medios de comunicación,,bajo,5,,PF,"Comunicador histórico de la radio mexicana, una de las voces de oposición más duras y directas contra el partido en el poder.",,,2026-08-26,,,,,,,,,,,
denise_dresser,Denise Dresser,"Politóloga, columnista (Reforma) y analista",Academia / análisis político,,bajo,6,,DD,Una de las voces de la academia más críticas contra las reformas del gobierno federal.,,,2026-08-26,,,,,,,,,,,
leo_zuckermann,Leo Zuckermann,"Conductor (""Es la Hora de Opinar"", Foro TV) y columnista",Academia / análisis político,,bajo,6,,LZ,Referente central para el análisis económico y político desde una perspectiva liberal.,,,2026-08-26,,,,,,,,,,,
cnte,Coordinadora Nacional de Trabajadores de la Educación (CNTE),Organización magisterial disidente,Independiente,,medio,7,,CN,"Corriente disidente dentro del magisterio, sin registro legal propio pero con reconocimiento de facto del gobierno federal. Sin secretaría general ni líderes formales por diseño estatutario — se organiza por asambleas (escuela, regional, seccional, nacional). Presencia fuerte en Oaxaca, Chiapas, Guerrero, Michoacán y CDMX. En mayo de 2026 su Asamblea Nacional Representativa aprobó huelga nacional indefinida.",Wikipedia / cobertura de prensa nacional,https://es.wikipedia.org/wiki/Coordinadora_Nacional_de_Trabajadores_de_la_Educaci%C3%B3n,2026-08-31,,,,,,,,,,,
snte,Sindicato Nacional de Trabajadores de la Educación (SNTE),Sindicato magisterial mayoritario,Sheinbaum,,bajo,7,,SN,"Sindicato mayoritario y legalmente reconocido del magisterio mexicano. Secretario general: Alfonso Cepeda Salas, también senador por Morena. Se ha distanciado públicamente de la CNTE, rechazando bloqueos y presión violenta como método.",El Siglo de Torreón / Excélsior,https://www.elsiglodetorreon.com.mx/noticia/2026/snte-pone-distancia-con-la-cnte-rechazan-violencia-y-extorsion-para-lograr-conquistas-magisteriales.html,2026-08-31,,,,,,,,,,,
morena_partido,Morena (partido político),Partido en el gobierno federal,Sheinbaum,,bajo,10,,MO,"Movimiento de Regeneración Nacional, fundado por AMLO en 2011-2014. Presidenta nacional: Ariadna Montiel. Más de 12 millones de militantes registrados en 2026. Partido en el gobierno federal desde 2018, con mayoría en el Congreso.",Wikipedia / El Universal,https://es.wikipedia.org/wiki/Morena_(partido_pol%C3%ADtico),2026-08-31,,,,,,,,,,,
pan_partido,Partido Acción Nacional (PAN),Principal partido de oposición,Oposición,,bajo,7,,PN,"Partido de oposición de centro-derecha. Presidente nacional: Jorge Romero Herrera. De cara a 2027 ha decidido competir en solitario, sin coalición con PRI o MC, aunque no descarta acuerdos estatales caso por caso.",El Universal / Infobae,https://www.infobae.com/mexico/2026/08/27/alito-moreno-presiona-por-una-coalicion-con-pan-y-mc-que-ninguno-quiere-firmar/,2026-08-31,,,,,,,,,,,
pri_partido,Partido Revolucionario Institucional (PRI),Partido de oposición,Oposición,,bajo,5,,PR,"Ex-partido hegemónico, hoy en oposición con militancia en fuerte declive. Dirigente nacional: Alejandro 'Alito' Moreno Cárdenas, quien impulsa un 'frente amplio' opositor con PAN y MC de cara a 2027, sin éxito hasta agosto 2026.",Infobae,https://www.infobae.com/mexico/2026/08/27/alito-moreno-presiona-por-una-coalicion-con-pan-y-mc-que-ninguno-quiere-firmar/,2026-08-31,,,,,,,,,,,
pt_partido,Partido del Trabajo (PT),Partido aliado de Morena,Sheinbaum,,bajo,4,,PT,"Partido aliado de Morena desde 2018. Dirigente nacional: Alberto Anaya. Confirmó en mayo 2026 coalición con Morena y PVEM para las elecciones de 2027.",N+ Noticias,https://www.nmas.com.mx/nacional/politica/morena-pt-y-pvem-contenderan-en-coalicion-para-elecciones-de-2027/,2026-08-31,,,,,,,,,,,
mc_partido,Movimiento Ciudadano (MC),Partido de oposición,Oposición,,bajo,6,,MC,"Partido de oposición emergente, con crecimiento reciente en algunos estados. Líder: Dante Delgado. Ha decidido competir en solitario en 2027, sin sumarse a la coalición opositora que impulsa el PRI.",Quadratín México,https://mexico.quadratin.com.mx/para-contar-61/,2026-08-31,,,,,,,,,,,
pvem_partido,Partido Verde Ecologista de México (PVEM),Partido aliado de Morena,Sheinbaum,,bajo,4,,PV,"Partido aliado de Morena y PT. Dirigente nacional: Karen Castrejón. Confirmó coalición con Morena y PT para 2027; evalúa caso por caso su participación en alianzas locales como la de la Ciudad de México.",N+ Noticias / El Universal,https://www.nmas.com.mx/nacional/politica/morena-pt-y-pvem-contenderan-en-coalicion-para-elecciones-de-2027/,2026-08-31,,,,,,,,,,,
eduardo_ramirez_chiapas,Eduardo Ramírez Aguilar,Gobernador de Chiapas,Sheinbaum,,bajo,4,,ER,"Gobernador de Chiapas desde diciembre 2024, Morena. Expresidente de la Mesa Directiva del Senado (2020-2021).",Wikipedia,https://en.wikipedia.org/wiki/Eduardo_Ram%C3%ADrez_Aguilar,2026-08-31,,,,,,,,,,,
indira_vizcaino,Indira Vizcaíno Silva,Gobernadora de Colima,Sheinbaum,,bajo,3,,IV,"Gobernadora de Colima desde 2021, Morena. Primera mujer en gobernar el estado.",Wikipedia / Campaigns and Elections México,https://ceonline.com.mx/post/74-ranking-de-gobernadores-capacidad-2026-05/,2026-08-31,,,,,,,,,,,
delfina_gomez,Delfina Gómez Álvarez,Gobernadora del Estado de México,Sheinbaum,,bajo,7,,DG,"Gobernadora del Estado de México desde 2023, Morena. Exsecretaria de Educación Pública federal. Primera mujer en gobernar el Edomex.",Wikipedia,https://es.wikipedia.org/wiki/Anexo:Gobernantes_de_las_entidades_federativas_de_M%C3%A9xico,2026-08-31,,,,,,,,,,,
julio_menchaca,Julio Ramón Menchaca Salazar,Gobernador de Hidalgo,Sheinbaum,,bajo,3,,JM,"Gobernador de Hidalgo desde 2022, Morena.",ClaroSports,https://www.clarosports.com/actualidad/quienes-son-los-gobernadores-de-mexico-lista-completa-por-estado-y-partido-para-2025/,2026-08-31,,,,,,,,,,,
alfredo_ramirez_bedolla,Alfredo Ramírez Bedolla,Gobernador de Michoacán,Sheinbaum,,medio,5,,AR,"Gobernador de Michoacán desde 2021, Morena. Estado con fuerte presencia de crimen organizado y tensión de seguridad.",ClaroSports,https://www.clarosports.com/actualidad/quienes-son-los-gobernadores-de-mexico-lista-completa-por-estado-y-partido-para-2025/,2026-08-31,,,,,,,,,,,
margarita_gonzalez_saravia,Margarita González Saravia Calderón,Gobernadora de Morelos,Sheinbaum,,bajo,3,,MG,"Gobernadora de Morelos desde 2024, Morena.",ClaroSports,https://www.clarosports.com/actualidad/quienes-son-los-gobernadores-de-mexico-lista-completa-por-estado-y-partido-para-2025/,2026-08-31,,,,,,,,,,,
miguel_angel_navarro,Miguel Ángel Navarro Quintero,Gobernador de Nayarit,Sheinbaum,,bajo,3,,MN,"Gobernador de Nayarit desde 2021, Morena.",Wikipedia,https://en.wikipedia.org/wiki/Governor_of_Nayarit,2026-08-31,,,,,,,,,,,
salomon_jara,Salomón Jara Cruz,Gobernador de Oaxaca,Sheinbaum,,bajo,4,,SJ,"Gobernador de Oaxaca desde 2022, Morena.",ClaroSports,https://www.clarosports.com/actualidad/quienes-son-los-gobernadores-de-mexico-lista-completa-por-estado-y-partido-para-2025/,2026-08-31,,,,,,,,,,,
alejandro_armenta,Alejandro Armenta Mier,Gobernador de Puebla,Sheinbaum,,bajo,4,,AA,"Gobernador de Puebla desde diciembre de 2024, Morena. Sucedió a Sergio Salomón Céspedes tras concluir su periodo como gobernador sustituto.",Politipedia,https://intoleranciadiario.com/data/sergio-salomon/,2026-08-31,,,,,,,,,,,
mara_lezama,María Elena Hermelinda Lezama Espinosa ('Mara Lezama'),Gobernadora de Quintana Roo,Sheinbaum,,bajo,4,,ML,"Gobernadora de Quintana Roo desde 2022, Morena. Primera mujer en gobernar el estado.",ClaroSports,https://www.clarosports.com/actualidad/quienes-son-los-gobernadores-de-mexico-lista-completa-por-estado-y-partido-para-2025/,2026-08-31,,,,,,,,,,,
javier_may,Javier May Rodríguez,Gobernador de Tabasco,Sheinbaum,,bajo,3,,JV,"Gobernador de Tabasco desde 2024, Morena. Exdirector del Bienestar federal.",ClaroSports,https://www.clarosports.com/actualidad/quienes-son-los-gobernadores-de-mexico-lista-completa-por-estado-y-partido-para-2025/,2026-08-31,,,,,,,,,,,
americo_villarreal,Américo Villarreal Anaya,Gobernador de Tamaulipas,Sheinbaum,,bajo,4,,AV,"Gobernador de Tamaulipas desde 2022, Morena. Médico de profesión.",ClaroSports,https://www.clarosports.com/actualidad/quienes-son-los-gobernadores-de-mexico-lista-completa-por-estado-y-partido-para-2025/,2026-08-31,,,,,,,,,,,
lorena_cuellar,Lorena Cuéllar Cisneros,Gobernadora de Tlaxcala,Sheinbaum,,bajo,3,,LC,"Gobernadora de Tlaxcala desde 2021, Morena.",ClaroSports,https://www.clarosports.com/actualidad/quienes-son-los-gobernadores-de-mexico-lista-completa-por-estado-y-partido-para-2025/,2026-08-31,,,,,,,,,,,
david_monreal_avila,David Monreal Ávila,Gobernador de Zacatecas,Sheinbaum,,alto,4,,DM,"Gobernador de Zacatecas desde 2021, Morena. Estado con severos problemas de seguridad; su gobierno ha sido el peor evaluado entre los gobernadores de Morena en encuestas recientes (2026).",Campaigns and Elections México,https://ceonline.com.mx/post/74-ranking-de-gobernadores-capacidad-2026-05/,2026-08-31,,,,,,,,,,,
