tema_id,nombre,nivel,tipo,notas,coherentes,pct,estado
reconfiguracion-gabinete-2026,Reconfiguración del Gabinete 2026,3,completo,3,0,0.0,mezcla historias
auto-bfeea789a9,Gobierno del estado acompaña y protege a migrantes poblanos en Estados Unidos - ,3,completo,9,1,0.11,mezcla historias
auto-a2f712b838,MILENIO. . La presidenta Claudia Sheinbaum rechazó aumentar el IVA y sostuvo que,1,completo,17,2,0.12,mezcla historias
auto-05d78984ca,Claudia Sheinbaum gana la batalla política en Quintana Roo al derrotar a Rafael ,1,completo,16,2,0.12,mezcla historias
auto-f3c7c3cb43,El futbol mexicano será investigado por el Gobierno de Sheinbaum tras acusacione,3,informativo,8,1,0.12,mezcla historias
auto-450eac718d,Claudia Sheinbaum destacó la presencia que ha ganado el K-pop entre los jóvenes ,3,informativo,14,2,0.14,mezcla historias
auto-f1f25012f2,"""El Gobierno del Estado vive una realidad alterna a la que padecen los tabasqueñ",3,informativo,7,1,0.14,mezcla historias
auto-4d06ef5b18,Claudia Sheinbaum confronta a funcionarios de PEMEX en Palacio Nacional tras caí,1,completo,37,6,0.16,mezcla historias
auto-a1d3e1a4a0,"Adultos con INAPAM reciben $9,582.47 al mes por orden de Claudia Sheinbaum: de q",3,completo,19,3,0.16,mezcla historias
auto-a204ca7bb6,Gobernabilidad se ha preservado en gobierno de Sheinbaum con la construcción de ,3,completo,6,1,0.17,mezcla historias
auto-f1b9083d0b,"Sheinbaum, popularidad y diatriba - Ríodoce",3,completo,6,1,0.17,mezcla historias
auto-996a578e5a,Aspiran a planteles del gobierno 9 mil alumnos rechazados por la UNAM,3,informativo,6,1,0.17,mezcla historias
auto-fa7fd8e323,PVEM-respalda-a-una-expriista-para-candidata-en-la-capital-de-Oaxaca - Cuarta Pl,3,informativo,6,1,0.17,mezcla historias
auto-e1c3b9234b,"Atacan a equipo de alcaldesa de Tecámac, Estado de México - Meganoticias.mx",3,informativo,6,1,0.17,mezcla historias
auto-d668b6a45e,"Oficial | Claudia Sheinbaum abre las convocatorias para otorgar becas de 9,500 p",1,completo,6,1,0.17,mezcla historias
auto-cc44fee279,Una casa sin esperar a heredar: Sheinbaum coloca la vivienda digna para jóvenes ,3,informativo,15,3,0.2,mezcla historias
amlo-agenda,López Obrador: reaparición y declaraciones,1,completo,15,3,0.2,mezcla historias
auto-94c6e55870,"Gracias al respaldo de nuestra presidenta Claudia Sheinbaum Pardo, seguimos cone",3,completo,5,1,0.2,mezcla historias
auto-7a0101f0f3,"Claudia Sheinbaum no atribuyó el regreso de los libros de Historia, Matemáticas ",3,completo,5,1,0.2,mezcla historias
auto-bcae139713,Quintana Roo logra el mayor avance nacional en competitividad al subir 12 lugare,3,informativo,5,1,0.2,mezcla historias
auto-525765d4ea,No se encubre al Ejército: Sheinbaum,3,informativo,5,1,0.2,mezcla historias
auto-931fd6397a,Rectora Yarabí Denuncia Asfixia Financiera Y Campaña Vs UMSNH; Buscará A Sheinba,3,informativo,9,2,0.22,mezcla historias
auto-b5ae2f507a,Así fue el segundo Grito de Independencia de la presidenta Claudia Sheinbaum - I,1,completo,26,6,0.23,mezcla historias
auto-550e05291d,Sheinbaum minimiza meta de Alito Moreno de regresar al poder en 2030 - El Univer,3,completo,4,1,0.25,mezcla historias
auto-9dfdb95494,"Tijuana y Reynosa, municipios con más desapariciones en el país",3,informativo,4,1,0.25,mezcla historias
auto-338a29d142,Sheinbaum: hegemonía de virtudes sencillas - MILENIO,3,completo,4,1,0.25,mezcla historias
auto-a81f7eb666,"Un diputado asesinado, un estado sin ley - Diario de Chiapas",3,completo,4,1,0.25,mezcla historias
auto-46293a94f6,"Gobierno de México invierte bolsa millonaria en carreteras, pero es insuficiente",3,informativo,4,1,0.25,mezcla historias
auto-be13e8e058,Sheinbaum: Anticorrupción podría investigar a Carlos Ulloa por compra de departa,3,informativo,4,1,0.25,mezcla historias
auto-e9c4548aaa,"Javier Solana, presidente de USEM México, entrega al papa León XIV una imagen de",3,informativo,4,1,0.25,mezcla historias
auto-9022196930,Luego de que Sheinbaum defendió a los alumnos de escuelas públicas frente a los ,3,informativo,4,1,0.25,mezcla historias
auto-7e529f151f,Diputado del MC transó a ganaderos,3,informativo,4,1,0.25,mezcla historias
auto-a7229edf90,"Claudia Sheinbaum y Lee Jae-Myung acuerdan impulsar comercio, tecnología y coope",3,informativo,4,1,0.25,mezcla historias
auto-958b227a58,Deja en espera Sheinbaum a embajadores y reaviva dudas sobre la política exterio,3,informativo,17,5,0.29,mezcla historias
auto-9cdea0ad45,Guatemala reabre cruces fronterizos con México tras bloqueos por combustibles,1,completo,7,2,0.29,mezcla historias
auto-6df9b2e237,La presidenta Claudia Sheinbaum confirmó que no asistirá este año a la Asamblea ,1,completo,7,2,0.29,mezcla historias
auto-08b061e1fe,"""Nosotros no compramos votos”, dice Claudia Sheinbaum en su visita a La Paz, Baj",1,completo,10,3,0.3,mezcla historias
auto-db83bd3ced,"Delfina Gómez presenta hoy su Tercer Informe de Gobierno: infraestructura, emple",3,informativo,10,3,0.3,mezcla historias
auto-44250cb339,Esposa de locutor Iván Michel Atilano pide a Presidenta de México y Gobernador d,3,informativo,13,4,0.31,mezcla historias
auto-af03748273,Claudia Sheinbaum Pardo. . Presentamos resultados en rehabilitación y construcci,1,completo,24,8,0.33,mezcla historias
auto-10cc6a1112,Claudia Sheinbaum lo confirmó: se evalúa nuevo aumento para pensionados y jubila,1,completo,15,5,0.33,mezcla historias
auto-9523390fbd,Gobierno del Estado invita a votar por Puebla en Ángel del Turismo - Primera Pla,3,informativo,12,4,0.33,mezcla historias
auto-5d32f22c91,Desplazan a perfiles obradoristas para las candidaturas de la 4T - MILENIO,3,informativo,9,3,0.33,mezcla historias
auto-dd10bcf406,Manifestantes bloquean paso de Claudia Sheinbaum y le plantean demandas en Juáre,3,informativo,9,3,0.33,mezcla historias
auto-1d0cc3cc21,A los del PAN cada vez les creen menos: Sheinbaum sobre viaje a Europa - Quadrat,3,informativo,6,2,0.33,mezcla historias
ley-telecomunicaciones-2025,Nueva Ley de Telecomunicaciones y Radiodifusión,2,completo,3,1,0.33,mezcla historias
ruptura-diplomatica-ecuador,Ruptura Diplomática con Ecuador,2,completo,3,1,0.33,mezcla historias
auto-32dee1a56b,"Con Alonso Romero, ANAM fortalece controles de confianza para nuevo personal: Sh",3,informativo,3,1,0.33,mezcla historias
auto-6ecd332310,Desde el inicio del gobierno de Claudia Sheinbaum se han inaugurado 32 hospitale,3,completo,3,1,0.33,mezcla historias
auto-c04b30a748,“Quiero justicia para mi hija”: padre peruano busca ser escuchado por Sheinbaum ,3,informativo,3,1,0.33,mezcla historias
auto-fea887a68b,Senado propone a Claudia Sheinbaum DETENER iniciativa sobre jueces sin rostro - ,3,informativo,3,1,0.33,mezcla historias
auto-81b36d96e2,"Claudia Sheinbaum negocia con Estados Unidos una baja de aranceles: ""Nos interes",3,informativo,3,1,0.33,mezcla historias
auto-5a783c7ea9,Gobierno de Claudia Sheinbaum se apropia del dinero de Afores no reclamadas en e,3,informativo,3,1,0.33,mezcla historias
auto-88859caeb0,Claudia Sheinbaum destacó coordinación con gobernadora de Guanajuato pese a que ,1,completo,24,9,0.38,mezcla historias
auto-ca69e07782,"Claudia Sheinbaum reconoce ""compleja relación"" con Estaos Unidos tras imposición",3,completo,5,2,0.4,mezcla historias
auto-8c5c29d450,La responsabilidad de Sheinbaum Pardo para evitar que se hunda Morena - Línea Po,3,completo,5,2,0.4,mezcla historias
auto-91f4bc0944,Sheinbaum rechaza una detención de Rocha sin sustento para México - Rotativo,3,completo,5,2,0.4,mezcla historias
auto-13b4c4b95d,"Aumenta desaprobación a gestión de Claudia Sheinbaum; en redes sociales, cae a 5",3,completo,5,2,0.4,mezcla historias
auto-a851e47067,"""Es imposible dañar a un gobierno que está cerca del pueblo"", dice Sheinbaum tra",3,completo,5,2,0.4,mezcla historias
auto-d9a070a899,"Arena Potosí, el símbolo del proyecto político de Gallardo en visita de Sheinbau",3,completo,5,2,0.4,mezcla historias
auto-8950e16d3c,‘No hay pueblo más trabajador que el de México’: Claudia Sheinbaum lanza mensaje,3,completo,5,2,0.4,mezcla historias
auto-85744940d1,"Sheinbaum: México defenderá su independencia ante ""cualquier potencia extranjera",3,completo,5,2,0.4,mezcla historias
auto-e1ba232f5f,México va en la ruta correcta en materia de política internacional: responde Mur,3,completo,5,2,0.4,mezcla historias
auto-38b7af4bf5,"Policía de Tránsito, la corporación que más identifican con corrupción en Tabasc",3,informativo,5,2,0.4,mezcla historias
auto-b3bc3ceead,Escuelas públicas mejores que privadas gracias al magisterio: Sheinbaum - Quadra,3,informativo,5,2,0.4,mezcla historias
auto-55c0257b1e,Pueblos mayas mantienen bloqueo carretero; exigen cierre de bancos de material -,3,informativo,5,2,0.4,mezcla historias
auto-c0ccef3fbe,¿Quiénes son los cadetes que entregaron la bandera a Sheinbaum? Ellas son las mu,3,informativo,5,2,0.4,mezcla historias
auto-60e86e646e,"México no se doblega ni se arrodilla y nunca se vende, define Sheinbaum",1,completo,5,2,0.4,mezcla historias
auto-e8e86c177d,"🌎 Ellos son Luis Olivares, secretario de Economía del Gobierno del Estado de Coa",3,informativo,5,2,0.4,mezcla historias
auto-04223cbd81,Claudia Sheinbaum y SEP aprueban restricción del uso de celulares en primarias y,1,completo,5,2,0.4,mezcla historias
auto-a7761b0ff1,"MILENIO. . 🔴 En conferencia de prensa, la presidenta Claudia Sheinbaum informó q",3,informativo,17,7,0.41,mezcla historias
auto-ad130e93d6,Los jóvenes papantecos acompañaron al alcalde a recibir a la Presidenta - Diario,3,informativo,12,5,0.42,mezcla historias
auto-d4ad5d9712,Claudia Sheinbaum niega que los mexicanos quieran intervención extranjera y deja,3,informativo,23,10,0.43,mezcla historias
auto-8c95067d18,"Nuestra presidenta Claudia Sheinbaum Pardo quiere mucho a Veracruz, y muestra de",3,completo,7,3,0.43,mezcla historias
auto-2dcc78062c,Involucrados funcionarios municipales en ilícitos,3,informativo,7,3,0.43,mezcla historias
auto-fb871d8278,Justicia ambiental en zonas históricamente relegadas: Se presentaron inversiones,3,informativo,7,3,0.43,mezcla historias
auto-cf2ebbe6da,La semana hace 50 años. Incertidumbre en Yucatán por la “flotación” del peso,1,completo,19,9,0.47,mezcla historias
auto-726ae9441f,"Claudia Sheinbaum refrenda respaldo a Tlaxcala con inversión en vivienda, salud ",1,completo,18,9,0.5,revisar
auto-5666b8f6a7,Nuevo dirigente de Morena Tabasco lo definirá el Consejo Estatal o el CEN: Jesús,3,informativo,12,6,0.5,revisar
auto-1e57057d28,"VIDEO ¡Juchitán, sin gobierno! Jara pide desaparecer el ayuntamiento tras captur",3,informativo,10,5,0.5,revisar
auto-03ec973294,BITACORÁ POLÍTICA | La redacción quedó en silencio - Formato Siete,3,informativo,8,4,0.5,revisar
auto-a8878973bc,Localizan sin vida a dos jóvenes reportados como desaparecidos en Suchiate,3,informativo,8,4,0.5,revisar
auto-58c4fa9e35,"¿Terry Cole “promueve” a Harfuch? EU siempre ha buscado dividirnos, dice Sheinba",3,informativo,6,3,0.5,revisar
auto-834728a063,Gobierno de México presenta datos de Seguridad: Baja promedio diario de homicidi,3,completo,6,3,0.5,revisar
auto-9fb59b4eac,Encabeza Claudia Sheinbaum izamiento de bandera a media asta por víctimas en ter,3,informativo,6,3,0.5,revisar
auto-570a47e018,Participa UT San Juan en Congreso Internacional de Turismo - hoysanjuandelrio.co,3,informativo,6,3,0.5,revisar
desaparicion-organismos-autonomos,Desaparición de Organismos Autónomos,1,completo,4,2,0.5,revisar
rancho-izaguirre-teuchitlan,Rancho Izaguirre — Crematorios Clandestinos en Teuchitlán,1,completo,4,2,0.5,revisar
auto-4cbf8f2e71,Conferencia de prensa matutina de la presidenta Claudia Sheinbaum | Minuto a min,3,completo,4,2,0.5,revisar
auto-c2d73704d8,Sheinbaum y la reducción de la violencia: ¿de qué país habla porque en México no,3,completo,4,2,0.5,revisar
auto-c28af28b42,"AMLO ha sido respetuoso, no ha habido una sola llamada: Sheinbaum - El Heraldo d",3,completo,4,2,0.5,revisar
auto-56938d65bf,Estados Unidos pone a la venta una moneda con el rostro del presidente Donald Tr,3,completo,4,2,0.5,revisar
auto-2ba4787302,Ofrece Sheinbaum diálogo para ampliar puerto de Manzanillo - El Comentario,3,completo,4,2,0.5,revisar
auto-22eba9f3db,Descarta Somos afectación por cambio de nombre,3,completo,4,2,0.5,revisar
auto-4efaaf41da,Claudia Sheinbaum y Liz Westcott revisan avance de Trion y alianza Woodside-Peme,3,completo,4,2,0.5,revisar
auto-4e00375ae1,Pérdidas de 20 mdp deja bloqueo,3,informativo,4,2,0.5,revisar
auto-f0073e416c,Proyecta Sheinbaum apoyo a 42.8 millones de personas con programas del Bienestar,3,completo,4,2,0.5,revisar
auto-e0744d9d51,Presidenta Sheinbaum defiende el modelo educativo mexicano - ANSA Latina,3,completo,4,2,0.5,revisar
auto-bc5881c5b5,Sheinbaum pide regular la IA ante difusión de información falsa - Buzos de la no,3,completo,4,2,0.5,revisar
auto-c42133bff0,"“Queremos Medicinas, No Otro Teatro”: Reclaman a Sheinbaum por Megaproyecto de L",3,informativo,4,2,0.5,revisar
operacion-enjambre,Operación Enjambre: alcaldes y funcionarios detenidos,1,completo,27,14,0.52,revisar
auto-dbb17568d7,Noé Jara acusa “fuego político” contra él y el gobernador; se pone a disposición,3,informativo,13,7,0.54,revisar
auto-e2608a5a56,Dan prisión preventiva a 16 integrantes de Los Ardillos,3,informativo,9,5,0.56,revisar
auto-c1ffc0d291,Elecciones intermedias en EE. UU.: cada vez más estadounidenses se identifican c,3,completo,7,4,0.57,revisar
auto-cb244abac1,Sheinbaum acusa seis sexenios de empobrecimiento previos a AMLO,3,completo,7,4,0.57,revisar
auto-250b711ca8,"Congreso del Estado, en conjunto con universidades, impulsa los Foros “Juventude",3,informativo,7,4,0.57,revisar
auto-5e8f301bc2,IMSS- Bienestar está funcionando: Sheinbaum defiende a coordinador estatal en Ve,1,completo,7,4,0.57,revisar
visa-de-andy,Visa de Andy,1,completo,80,47,0.59,revisar
auto-b7e111d102,Impulsan en G20 desarrollo de la Inteligencia Artificial en México,3,completo,5,3,0.6,revisar
auto-db2e0eef28,Jubilados del Cobao insisten en sus finiquitos; son ignorados,1,completo,5,3,0.6,revisar
auto-9e1a0a3380,¿Sheinbaum le ‘dará chamba’ a Gustavo Petro? Esta invitación le hizo al expresid,3,completo,5,3,0.6,revisar
auto-bb473f06d1,Sheinbaum revela sus decisiones patrimoniales - MILENIO,3,completo,5,3,0.6,revisar
auto-70baaff3bf,Gobernación y la FGR presentarán nuevo informe sobre los 43,3,completo,5,3,0.6,revisar
auto-84b7db61b3,"Claudia Sheinbaum responde a Moody’s, Fitch y S&P: la consolidación fiscal será ",3,completo,5,3,0.6,revisar
auto-00c3b93f74,"El pueblo es el camino; el pueblo, nuestro destino: presidenta Claudia Sheinbaum",3,completo,5,3,0.6,revisar
auto-17340e4d6f,Comalcalco entrega cuentas tras 700 días,3,informativo,5,3,0.6,revisar
auto-0125599f82,"Independencia, los Olmecas y la visita presidencial de CSP",1,completo,5,3,0.6,revisar
auto-ce0f92a637,El canciller mexicano llega a Pekín en medio de las fricciones comerciales entre,3,informativo,5,3,0.6,revisar
auto-2e87d1c93d,Acusa Morena campaña para hacer creer que gritos eran contra Sheinbaum - El Come,1,completo,5,3,0.6,revisar
auto-8260a8141f,Oposición carece de respaldo: Sheinbaum - El Porvenir - Portada,3,completo,5,3,0.6,revisar
auto-91685fc09b,Avanza nueva Utopía en Campeche,3,informativo,5,3,0.6,revisar
auto-74eb0d08a7,México y Corea fortalecerán la relación bilateral,1,completo,5,3,0.6,revisar
auto-0fd4b484ef,Sheinbaum puede referirse al caso Armenta y a las protestas de normalistas - Ide,3,completo,5,3,0.6,revisar
auto-eb6f60e591,Fotomultas en Cancún dividen al Ayuntamiento: hay dudas y rechazo - Grupo Animal,3,informativo,5,3,0.6,revisar
auto-1e914fa5d8,FGE Veracruz continuará investigación del llamado “cártel inmobiliario” - Billie,3,informativo,5,3,0.6,revisar
auto-c164f763ce,Ni los morenistas ganan sin Morena - Radio Fórmula,3,informativo,5,3,0.6,revisar
auto-d3f4cf2854,Alcaldesa de Poza Rica genera polémica al vitorear a Claudia Sheinbaum y Rocío N,3,informativo,5,3,0.6,revisar
auto-2f8fa2feda,Segundo Informe de Gobierno de Ana Paty Peralta: esto destacó la alcaldesa de Ca,3,informativo,5,3,0.6,revisar
auto-88f1d051f2,Chedraui ante la oportunidad de ser el primer alcalde de Puebla en reelegirse en,3,informativo,5,3,0.6,revisar
auto-1bcc3af65c,Para visita de Sheinbaum intervendrán los tres niveles de gobierno: Alcalde de C,3,informativo,16,10,0.62,revisar
auto-499898b1a0,Gobernadora Nahle presume vestido confeccionado por manos veracruzanas para la n,3,informativo,8,5,0.62,revisar
auto-8108d66665,La presidenta Claudia Sheinbaum y el secretario de Seguridad y Protección Ciudad,1,completo,8,5,0.62,revisar
auto-7eeca57db5,🇲🇽 Claudia Sheinbaum concluirá este fin de semana la gira nacional que realiza c,3,informativo,8,5,0.62,revisar
auto-c86c133062,"Noticias para el fin de semana: Alerta de posible huracán, Claudia Sheinbaum, IC",3,informativo,11,7,0.64,revisar
auto-e8dd6ecd11,"""¿Qué pasa del otro lado?"": Claudia Sheinbaum responde al informe de la administ",3,informativo,17,11,0.65,revisar
auto-5cee60d226,"Claudia Sheinbaum le deposita $1,900 a miles de hombres y mujeres que habían que",3,informativo,12,8,0.67,revisar
intervencion-militar-eeuu,Amenazas de Intervención Militar de Trump,1,completo,9,6,0.67,revisar
auto-c09a3f898a,"Tras irregularidades, examen de ingreso a la UNAM regresará a presencial",3,informativo,6,4,0.67,revisar
auto-8d5b6f2bdd,Renuncia la secretaria ejecutiva del INE a un día de que comience el proceso ele,3,completo,6,4,0.67,revisar
auto-58dd95cf8e,Farid Rentería coincide con liderazgos de Morena y respalda llamado a la congrue,3,informativo,6,4,0.67,revisar
auto-1a7070ab4b,"Sheinbaum admite que México debe crecer más, pero pide medir también cómo se dis",3,completo,6,4,0.67,revisar
auto-b27110db2b,Lorena Alfaro exige respuesta a Claudia Sheinbaum por nueva clínica IMSS en Irap,3,informativo,6,4,0.67,revisar
lista-periodistas,"Lista de Periodistas (""Derecho de Réplica"")",2,completo,3,2,0.67,revisar
auto-10f212e5e5,🗳️📌 SHEINBAUM ANTICIPA MOVILIZACIONES SI HAY INJERENCIA DE ESTADOS UNIDOS Claudi,3,completo,3,2,0.67,revisar
auto-46d69367c3,#UnoHastaElFondo | “El segundo Informe de gobierno de la presidenta Sheinbaum en,3,completo,3,2,0.67,revisar
auto-0d61cdf990,"Fuerzas federales sitian hospital por sicario de Las Américas, implicado en ejec",3,informativo,3,2,0.67,revisar
auto-16d9e61c86,Lluvias en Yucatán dejan un “cóctel de moscos”,3,informativo,3,2,0.67,revisar
auto-d42b7e703b,"Sheinbaum: “mientras sea presidenta, la soberanía no se negocia”, reafirma al in",3,completo,3,2,0.67,revisar
auto-d53c44ebbe,Estados Unidos aplica desde este jueves aranceles de hasta 100% a determinados d,3,completo,3,2,0.67,revisar
auto-1670ce9d7c,"De cara al proceso electoral 2027, la Presidenta Claudia Sheinbaum augura buenos",3,completo,3,2,0.67,revisar
auto-c5f24d23bb,Somos un gobierno del y para el pueblo: presidenta Sheinbaum - Parabolica.mx,3,completo,3,2,0.67,revisar
auto-58398495bf,"PJF enfrenta sobrecarga de trabajo, recortes y un rezago de 62% en los expedient",3,completo,3,2,0.67,revisar
auto-111f9667e8,Cuestiona CSP plan de Trump sobre lobo mexicano - reforma.com,3,completo,3,2,0.67,revisar
auto-e6971c586d,Carney cumple su promesa: Aranceles de Canadá a productos de EU entran en vigor ,3,informativo,3,2,0.67,revisar
auto-637d706c19,Monetización digital,3,informativo,3,2,0.67,revisar
auto-ae50f7ba17,Amplía Sheinbaum facilidades fiscales y créditos para micro y pequeñas empresas ,3,informativo,3,2,0.67,revisar
auto-21a7e85861,¡Adiós al celular en el salón! Preparan nuevas reglas para frenar su uso en escu,3,informativo,3,2,0.67,revisar
auto-fbf35bb841,Valora PRI no llevar candidato en distrito 6; quieren imponer a Andy: Alito - Qu,3,informativo,3,2,0.67,revisar
auto-a52f5ffc81,Solicita Comar 7.6% más presupuesto para hacer frente al recorte de fondos de Ac,3,informativo,3,2,0.67,revisar
auto-3fa772a5ba,"Peter Stoyle, figura del Bachillerato Internacional, visita Madison Mérida",3,completo,3,2,0.67,revisar
auto-495da41b79,Bateador emergente / Distrito 12: la frontera que el Congreso abandonó,3,informativo,3,2,0.67,revisar
auto-9d82107569,"Alito, la embocada del padrinazgo",3,informativo,3,2,0.67,revisar
auto-3ef3182f28,Polémica en Tabasco: secretario del Instituto Electoral habría compartido video ,3,informativo,3,2,0.67,revisar
auto-6bf4854309,Putin llama a rusos a votar en elecciones legislativas y reivindica respaldo a R,3,informativo,3,2,0.67,revisar
auto-17b8db9dd3,"Estos son los 5 municipios de Michoacán donde operaba ""El Señor de la T""",3,informativo,3,2,0.67,revisar
auto-0ee7153b01,"Gobernadora Nahle dice que ya no habrá protección por fuero a alcaldes, regidore",3,informativo,3,2,0.67,revisar
auto-40b70ba56b,“Es delicado exponer a una mujer”: gobernador de Puebla justificar exclusión fem,3,informativo,3,2,0.67,revisar
auto-118e35df96,Migrante impugna fallo y ahora será refugiada,3,informativo,3,2,0.67,revisar
auto-afe6a252c5,¿Quién es el peor gobernador? - El Universal Querétaro,3,informativo,3,2,0.67,revisar
auto-3112ef6e7f,El PT: ¿deslinde o ruptura?,3,informativo,3,2,0.67,revisar
auto-dace03ff06,Analiza Claudia Sheinbaum propuestas de la académica Mariana Mazzucato para el P,3,informativo,3,2,0.67,revisar
auto-f5d0aa59b3,Gobernadora aún en diálogo por propuesta de alza al DNR - Noticaribe,3,informativo,3,2,0.67,revisar
auto-771c303e87,"Marco Rubio, el hombre del presidente",3,informativo,3,2,0.67,revisar
auto-3ada2b6e73,"Con 70 años de historia, la ATP entregará este miércoles el Premio Palabra Libre",3,informativo,3,2,0.67,revisar
auto-f517e64944,"En dos semanas, Morena podría publicar convocatoria para coordinaciones municipa",3,informativo,3,2,0.67,revisar
auto-80beef7668,"Mara Lezama propone construir un Centro financiero en Cancún, informa Sheinbaum",3,completo,16,11,0.69,revisar
segundo-informe-gobierno-2026,Segundo Informe de Gobierno de Claudia Sheinbaum,1,completo,13,9,0.69,revisar
auto-1641840940,Niega Gino operación de Mara y se burla de la oposición - Caribe Peninsular,3,informativo,10,7,0.7,ok
auto-9478ddbee9,¿Subirá la cerveza en México? Diputados analizan aumentar el IEPS,3,informativo,7,5,0.71,ok
auto-d056e2c44b,"Tras polémica con Sheinbaum, la DEA responde que la caída de ocho narcolaborator",3,completo,7,5,0.71,ok
auto-2a36ab302c,Agresión contra agentes federales deja dos fallecidos y una herida en Veracruz,3,informativo,7,5,0.71,ok
auto-438611b2be,¿Renuncia o cese?: versiones encontradas por la salida de un funcionario del Cat,3,informativo,7,5,0.71,ok
auto-0aff0917b3,Denunció agresión sexual a su hija en secundaria; Fiscalía de Veracruz la proces,3,informativo,7,5,0.71,ok
auto-c092a6fca7,Sheinbaum minimiza el crecimiento económico y prioriza la redistribución social ,3,informativo,7,5,0.71,ok
auto-502a234977,"Ante próxima temporada de lluvias, Gobierno del Estado refuerza prevención con a",3,informativo,7,5,0.71,ok
auto-b44ad52512,Exhorta Gobernadora a vacunarse contra el sarampión - Imagen del Golfo,3,informativo,7,5,0.71,ok
auto-bbaa4a7b46,Policía Estatal asume seguridad de Juchitán tras detención del alcalde - La Sill,3,informativo,7,5,0.71,ok
carlos-manzo,Asesinato de Carlos Manzo,1,completo,19,14,0.74,ok
huachicol-fiscal,Huachicol Fiscal,1,completo,196,147,0.75,ok
auto-b480e1b6cb,Diputada del PAN exige que gobernador de Puebla ofrezca una disculpa pública por,3,informativo,8,6,0.75,ok
auto-4a4ddad935,"Con protesta en escuela de Momoxpan, despiden a conserje acusado de trabajar ebr",3,completo,4,3,0.75,ok
auto-d88f079137,Explica Maru Campos ausencia en informe de Sheinbaum y reitera disposición al di,3,completo,4,3,0.75,ok
auto-c980ba7873,"A casi 20 años del caso Ernestina Ascencio, buscan que México reconozca su respo",3,completo,4,3,0.75,ok
auto-8be4e698f6,"Plaza Grande: ¿Error o dolo? Señalamientos desde el Ejecutivo, contradictorios",3,informativo,4,3,0.75,ok
auto-22b073d319,MILENIO. . ▶️ Presidente de la República de Corea vendrá a México acompañado de ,3,completo,4,3,0.75,ok
auto-6763223afb,Ha impuesto el TDJ medidas cautelares a 19 juzgadores en un año de operación,3,informativo,4,3,0.75,ok
auto-e7523a343a,"🔴 ""Vamos a respetarnos"", pide la presidenta Sheinbaum a asistentes permitir habl",3,completo,4,3,0.75,ok
auto-75a715c8d6,Pide iniciativa privada en Morelos seguridad y menos burocracia ante Sheinbaum -,3,completo,4,3,0.75,ok
auto-5eb7aa979a,"Pese a acuerdos, mantienen bloqueo en la Villahermosa-Frontera",3,completo,4,3,0.75,ok
auto-04c7e4e624,"Madre de Tania ""N"",exalcaldesa de Múzquiz, pide ayuda a Claudia Sheinbaum; solic",3,completo,4,3,0.75,ok
auto-7dc962835b,‘Todavía le podrían bajar un poquito’: Sheinbaum pide a la nueva Corte ‘apretars,3,informativo,4,3,0.75,ok
auto-783ff10bf0,Sheinbaum confirma que Grecia Quiroz busca reunirse con ella: “No me reúno con n,3,completo,4,3,0.75,ok
auto-6fce5392fc,Casa del Sol registra 372 niños en situación de calle en ZM de Puebla; piden cen,3,informativo,4,3,0.75,ok
auto-6c53caba33,Secretario de Comercio de EU se reunirá con Sheinbaum y Ebrard para tratar agend,3,completo,4,3,0.75,ok
auto-dc02815a8e,El cerco se cierra: capturan en Zapopan a presunto operador ligado al caso Manzo,3,informativo,4,3,0.75,ok
auto-feba4d0e07,"Con protesta, familiares piden a FGE de Puebla revisar denuncias y mantener gara",3,informativo,4,3,0.75,ok
auto-6cf4b17190,Ulises Ruiz acusa “narco pacto” Morena-Verde para proteger con fuero a Rogelio H,3,informativo,4,3,0.75,ok
auto-e2df5fcd2f,Diputados de Morena señalan a Samuel García por fractura en la autonomía de la U,3,completo,4,3,0.75,ok
auto-840ab86127,Fuerzas Armadas continuarán tareas de pacificación bajo la guía presidencial: Tr,3,informativo,4,3,0.75,ok
auto-ceb5c795e3,"Sin estudio ni consulta, ofrecieron a Totimehuacán ser el municipio 218: Manuel ",3,informativo,4,3,0.75,ok
auto-b7c490f01c,Templo Mayor 2026-09-14 - Reforma,3,informativo,4,3,0.75,ok
auto-ee0a657646,La bandera de México a través del tiempo,3,informativo,4,3,0.75,ok
auto-c9737a6f4d,¿Por qué Europa está tan obsesionada con la migración? - milenio.com,3,informativo,4,3,0.75,ok
auto-ffb1bc3143,Caso del niño Daniel Maximiliano en Xalapa: Fiscalía acusa a un detenido de homi,3,informativo,4,3,0.75,ok
auto-b86c9c718a,Aprueban reforma para regular alojamientos temporales y fortalecer la prevención,3,informativo,4,3,0.75,ok
auto-c75e0e9665,¿Ayuda selectiva? Gobierno de Alejandro Armenta acelera búsqueda del hijo de alc,3,informativo,4,3,0.75,ok
auto-dd08f5aaf5,Alfonso Durazo adelanta agenda de Claudia Sheinbaum en Sonora: revisará obras es,3,informativo,4,3,0.75,ok
auto-cb30f226f6,SSPC desplegará operativo vial por visita de Claudia Sheinbaum a Ciudad Deportiv,3,informativo,4,3,0.75,ok
auto-9b5da3d9cb,"Promovido por el PAN, realizarán en la CDMX foro internacional de la derecha",3,informativo,4,3,0.75,ok
auto-5dcadd396b,La presidenta Claudia Sheinbaum pidió a la Secretaría de Gobernación ponerse en ,3,informativo,4,3,0.75,ok
auto-374af259c0,Segundo informe de actividades legislativas del diputado Hugo Alday Nieto » ¡ Un,3,informativo,4,3,0.75,ok
ley-egresos-2027,Paquete Económico y Ley de Egresos de la Federación 2027,1,completo,17,13,0.76,ok
tmec-revision,Revisión del T-MEC,1,completo,97,75,0.77,ok
auto-4ba9fa9ee8,BLINDA A 43 MILLONES DE MEXICANOS,3,informativo,9,7,0.78,ok
auto-cae542e3f7,Sheinbaum visitará Culiacán este domingo 20 de septiembre; encabezará evento en ,3,completo,9,7,0.78,ok
auto-1183a7b0c4,"Candidaturas no las decide un gobernador, aclara Sheinbaum tras polémica de Arme",3,completo,9,7,0.78,ok
auto-02d8e54c89,Conferencia ‘mañanera’ de Claudia Sheinbaum hoy 18 de septiembre de 2026: Síguel,1,completo,29,23,0.79,ok
el-mencho,"Abatimiento de ""El Mencho""",1,completo,19,15,0.79,ok
la-barredora,La Barredora,1,completo,14,11,0.79,ok
auto-ab3f2d6dae,Cartón de Tony: Los grandes ausentes,3,informativo,5,4,0.8,ok
auto-52df7509c8,"¡877 mil no votarán en 2027! abstención, el partido más grande",3,completo,5,4,0.8,ok
auto-47ec581ea0,Sheinbaum llama a nuevos cadetes militares a poner a México por encima de intere,3,completo,5,4,0.8,ok
auto-d9e0e6d2db,Sheinbaum visitará Sinaloa el 20 de septiembre; prevé reunirse con Graciela Domí,3,completo,5,4,0.8,ok
auto-402e5d429d,BI Noticias. . EL SEGUNDO INFORME DE SHEINBAUM BAJO LA LUPA DE LOS PARTIDOS Acom,3,completo,5,4,0.8,ok
auto-b3b505d43c,Programas de Bienestar beneficias a 60 mil personas en Durango: Sheinbaum - noti,3,completo,5,4,0.8,ok
auto-ca38aebd28,"""Hay varias líneas de investigación, una proviene del buque detenido en Tampico""",3,informativo,5,4,0.8,ok
auto-ebdaca811c,Claudia Sheinbaum prevé visitar Guanajuato el próximo 18 de septiembre como part,3,completo,5,4,0.8,ok
auto-3b4009f606,El verdadero costo,3,informativo,5,4,0.8,ok
auto-a26cd80d11,Trump desata polémica por posible uniforme de la Fuerza Espacial de EU,3,informativo,5,4,0.8,ok
auto-fe690c7c13,Protección Civil alerta por lluvias intensas y riesgo de inundaciones en 21 esta,3,informativo,5,4,0.8,ok
auto-957907b816,Sheinbaum critica el examen PISA y justifica los malos resultados: “no es exclus,3,completo,5,4,0.8,ok
auto-3863976e73,"Descalificaciones de Rubio al combate de México al narcotráfico, parte de la cam",1,completo,5,4,0.8,ok
auto-956e9d20b7,[#VIDEO] Anabel Hernández señala que Sheinbaum fuma marihuana para combatir la d,3,completo,5,4,0.8,ok
auto-09670752d1,Duarte asegura que los Yunes esperan que Morena pierda poder para regresar al PA,3,completo,5,4,0.8,ok
auto-acbcbffe39,"Acusa Nahle que se ha politizado protesta de hospitales; ""oposición sin ideologí",3,informativo,5,4,0.8,ok
auto-526d24dfaf,"Jorge Moreno y Carlos Rodríguez, buenos políticos, de festejo - cronicadelpoder.",3,informativo,5,4,0.8,ok
auto-a6672e5399,Solicitan productores agrícolas que visita de Sheinbaum a Sinaloa permita concre,3,informativo,5,4,0.8,ok
auto-2b7178ae49,Gobernador de Chiapas llama a la paz y honra a los pueblos originarios durante e,3,informativo,5,4,0.8,ok
auto-8471b47b7e,Agradece Sheinbaum vestido único de artesanas muxes que usó el día 15,1,completo,5,4,0.8,ok
auto-ccc332d672,Agroexportadoras deben asegurar a trabajadores ante IMSS partir de octubre: Shei,3,informativo,5,4,0.8,ok
auto-9963265a9e,"Detienen al alcalde y al expresidente municipal de Suchiapa, Chipas, tras operat",3,informativo,5,4,0.8,ok
auto-e9d23c1080,Proponen crear Fiscalía Especializada en Investigación de Tortura por más de 16 ,3,informativo,11,9,0.82,ok
sinaloa-crisis,Crisis de Violencia en Sinaloa (Chapitos vs. Mayos),1,completo,35,29,0.83,ok
auto-4229a42d42,"Absurdo, presunta pugna con AMLO, reitera la Presidenta",1,completo,6,5,0.83,ok
auto-8575d673e0,Honestidad para no hablar de corrupción,3,informativo,6,5,0.83,ok
auto-250832ca6d,Intocable Cerrará Concierto por el Grito de Independencia; Sheinbaum Revela Elen,3,completo,6,5,0.83,ok
auto-ddc518e82d,"'Pueden calumniar en las redes, pero estamos fuertes': Sheinbaum - 24 HORAS | El",3,informativo,6,5,0.83,ok
auto-8fb4ead389,Carlos Peña Ortiz participa en Informe de Sheinbaum en Ciudad Victoria - Central,3,informativo,6,5,0.83,ok
auto-071957561c,"Con coordinación e inteligencia, gobierno estatal registra resultados contundent",1,completo,6,5,0.83,ok
rocha-moya-acusacion,Acusación de Narcotráfico contra Rocha Moya,1,completo,89,76,0.85,ok
auto-ee6efd9cf7,"Sheinbaum y Rosa Icela sostienen primera reunión con gobernadora de Sinaloa, Gra",1,completo,13,11,0.85,ok
ley-antimemes,Ley Antimemes y reforma de propiedad industrial,1,completo,22,19,0.86,ok
auto-b939368c74,Destaca Carmen Lilia resultados de Sheinbaum en Tamaulipas y su vision estrategi,3,informativo,14,12,0.86,ok
auto-d0398273a8,Anuncian megapuente en Campeche; Gobierno estatal agrega más días inhábiles | VI,3,informativo,7,6,0.86,ok
auto-7d63c5d887,Un hombre fue ejecutado a balazos en Juchitán de Zaragoza; fue identificado como,3,informativo,7,6,0.86,ok
auto-2b2e016dd8,Sheinbaum logra bajar 53% los homicidios dolosos en menos de 2 años - polemon.mx,1,completo,7,6,0.86,ok
auto-45f10f176c,Dice Nahle que IMSS-Bienestar sabía desde mayo de desabasto - Reforma,3,informativo,7,6,0.86,ok
auto-90406af9f3,Ángel Etiem Jiménez Castañeda rinde protesta como diputado federal por el Distri,3,informativo,7,6,0.86,ok
auto-d2ae07bb0d,Claudia Sheinbaum y Donald Trump hablaron por teléfono sobre el acuerdo comercia,1,completo,7,6,0.86,ok
auto-b57cec062e,La corona de Morena está en riesgo - El Financiero,1,completo,7,6,0.86,ok
auto-f987b5010b,Investiga Fiscalía a seis autoridades municipales de Oaxaca por presuntos nexos ,3,informativo,7,6,0.86,ok
morena-coordinadores-2027,Coordinadores estatales de Morena rumbo a 2027,1,completo,344,301,0.88,ok
auto-b5d6fb5683,Layda Sansores destaca liderazgo de Claudia,3,informativo,16,14,0.88,ok
auto-49e358a46c,Imputan a dos abogados por fraude y fraude procesal ligados al “cártel inmobilia,3,informativo,8,7,0.88,ok
auto-e6d3ffeac8,Puso de rodillas al Gobernador - Sol Yucatán,3,informativo,8,7,0.88,ok
auto-bf1807be4e,Señalan a funcionario del IEEPO por altercado durante informe de Sheinbaum - El ,1,completo,8,7,0.88,ok
auto-2790d16615,Eugenio Segura sería el primer gobernador de Quintana Roo nacido en Cancún - Pal,3,informativo,8,7,0.88,ok
auto-64fd12a5e0,Ayuntamiento de Puebla e INE firman convenio para impulsar participación polític,3,informativo,8,7,0.88,ok
auto-f66c5a4c05,PT pone pausa a proceso de Morena; cuestiona rumbo de la 4T - Caribe Peninsular,3,informativo,8,7,0.88,ok
auto-29e97c07ab,Morena Puebla conmemora 15 años de transformación y convoca a celebrar el aniver,3,completo,8,7,0.88,ok
auto-0cb15c039a,Rocío Nahle regala el nuevo libro de AMLO en Veracruz y destaca la dedicatoria a,3,informativo,8,7,0.88,ok
auto-82d951817d,CRÓNICA POLÍTICA: Congreso va por formalizar cambios en el gabinete de Salomón J,3,informativo,9,8,0.89,ok
auto-708f865cd2,Fiscal Ernestina Godoy galardona a miembros de la policía ministerial,3,informativo,10,9,0.9,ok
auto-dacd2cd4d0,"Informe desde Estocolmo: la migración, en el centro de la jornada electoral en S",3,informativo,10,9,0.9,ok
auto-8983512cec,Sheinbaum y Delfina Gómez acuerdan tapar todos los baches del Edomex: anuncian o,1,completo,10,9,0.9,ok
auto-af35577f9d,"Nuevo informe sobre normalistas de Ayotzinapa: 1,931 predios revisados y 17 nuev",3,informativo,10,9,0.9,ok
auto-1fd312da6e,"Morena avanza, pero se fractura - 24 HORAS | El Diario sin Límites",3,informativo,23,21,0.91,ok
auto-1cd82e22dd,"Detienen a 'El amarillo', líder de una célula criminal vinculada con 'Los Rusos'",3,informativo,11,10,0.91,ok
auto-4729269584,Aurelio Nuño responsabiliza a Morena del colapso educativo en México,3,informativo,11,10,0.91,ok
auto-043bf7b202,"Sheinbaum anuncia paquete de reducción de trámites del SAT, IMSS y STPS para inc",1,completo,11,10,0.91,ok
auto-d2b483c639,La reforma que le puso género al mapa de Chiapas - Diario de Chiapas,3,informativo,11,10,0.91,ok
auto-9c6672530a,Congreso de Oaxaca alista consulta ciudadana sobre nueva Constitución; iniciará ,3,informativo,11,10,0.91,ok
auto-67cefd6a05,En paquete de iniciativas enviadas al Congreso hay una para incrementar penas en,3,informativo,13,12,0.92,ok
auto-f82dd57434,Congreso reconoce nuevas agencias municipales y de policía en Costa e Istmo - Me,3,informativo,13,12,0.92,ok
auto-849ce1462c,Presenta el gobierno de Yucatán proyectos en el foro Momento Mexicano: MUUK’ The,1,completo,13,12,0.92,ok
auto-1c727912de,La gobernadora arranca una gira de supervisión a los 61 hospitales de la red IMS,3,informativo,13,12,0.92,ok
auto-cad8c444ea,¡ÚLTIMA HORA! Detienen al presidente municipal de Juchitán en OAXACA - El Herald,3,informativo,13,12,0.92,ok
auto-e9a9befafe,"Obispos de México, EU y Canadá piden fraternidad ante migración y retos de la IA",3,informativo,14,13,0.93,ok
auto-b134c2bded,"Medio siglo de cacicazgo en Tlaxcala con PRI, PRD, PAN y Morena - Línea Política",3,informativo,17,16,0.94,ok
auto-9b109e7b25,Ven con buenos ojos que Congreso defina municipios para mujeres en 2027 - El Sol,3,informativo,17,16,0.94,ok
auto-91a10c8965,Gobernador Salomón Jara condena el asesinato de Amy Navarrete en Oaxaca y refuer,3,informativo,28,27,0.96,ok
auto-f9058da40c,Diputados del Congreso de Puebla faltan a 2° simulacro nacional de 2026 - Ángulo,3,informativo,28,27,0.96,ok
auto-4a6494b939,Congreso de Puebla busca blindar candidaturas ante posibles nexos criminales; la,3,informativo,25,24,0.96,ok
reforma-doble-nacionalidad,Reforma constitucional contra la doble nacionalidad en candidaturas,1,completo,78,76,0.97,ok
auto-5cbd3ffc2f,Se anunció que para la próxima semana se trabajará en un decreto presidencial qu,3,informativo,44,43,0.98,ok
auto-3de5902549,La presidenta Claudia Sheinbaum abordó el tema de la intervención de la embajada,3,informativo,193,193,1.0,ok
auto-821abb5ba4,Gustavo Leal F.*: Servicio Universal de Salud: ¿12 mil 750 consultorios “nuevos”,3,informativo,168,168,1.0,ok
auto-dbb585f509,"Se presentó la estrategia de enfermedad cardiorrenal metabólica, que reconoce qu",3,informativo,166,166,1.0,ok
auto-9a04e4096e,La Secretaría de las Mujeres presentó un informe sobre sus acciones durante el ú,3,informativo,121,121,1.0,ok
auto-b6de8facd5,INE informa que más de 100 mil yucatecos deberán renovar su credencial para vota,3,informativo,85,85,1.0,ok
auto-69a1927adc,"Se informó sobre la entrega de viviendas en Durango, específicamente en Lerdo, d",3,informativo,83,83,1.0,ok
auto-991ada61bf,Se explicó el procedimiento legal que deben seguir los gobiernos estatales para ,3,informativo,83,83,1.0,ok
auto-27799e98e2,Se informó sobre las investigaciones en curso respecto a los casos de bebés fall,3,informativo,83,83,1.0,ok
auto-db389de134,Disputan en San Lázaro por la crisis del agua en Jalisco,3,informativo,68,68,1.0,ok
auto-04ca20983d,Detectan un millón de personas con hipertensión o diabetes,3,informativo,67,67,1.0,ok
auto-db2524c67b,México investiga la posible presencia de cárteles mexicanos en la guerra de Ucra,3,informativo,67,67,1.0,ok
auto-b21cc3d7b8,Mexicana de Aviación presenta su plan estratégico en tres fases: la primera fase,3,informativo,66,66,1.0,ok
auto-686b26a047,"Mexicana de Aviación ha abierto cinco nuevas rutas en 2026: Acapulco en junio, T",3,informativo,66,66,1.0,ok
auto-3911f464ef,El Aeropuerto Internacional Felipe Ángeles ha alcanzado logros significativos de,3,informativo,66,66,1.0,ok
auto-01ad5a117f,El Grupo Mundo Maya (GAPSACOM) integra 43 unidades de negocio incluyendo 2 aerop,3,informativo,66,66,1.0,ok
auto-d5cad1036f,Tren Maya ha incorporado nuevas líneas de negocio que han duplicado sus ingresos,3,informativo,66,66,1.0,ok
auto-f4bff265ab,Reporta SICT avance de más de 560 obras viales en primeros dos años del gobierno,3,informativo,53,53,1.0,ok
auto-cd49aa949b,Se informó sobre la rehabilitación y modernización de 650 quirófanos en las inst,3,informativo,51,51,1.0,ok
auto-48a528c42b,Xalapa prevé entregar 110 obras con una inversión cercana a 500 millones de peso,3,informativo,48,48,1.0,ok
auto-32fd0aa34b,"Se informó sobre la recuperación de la Comisión Federal de Electricidad, que fue",3,informativo,47,47,1.0,ok
auto-f5acf0abf1,Se presentó el avance en la meta de garantizar que la CFE genere al menos el 54%,3,informativo,47,47,1.0,ok
auto-352017a2a1,Se reportó la inauguración de seis centrales de ciclo combinado durante 2025-202,3,informativo,47,47,1.0,ok
auto-40de66980c,Se presentó la expansión importante en proyectos renovables con 58 proyectos de ,3,informativo,47,47,1.0,ok
auto-8aadedabbc,Se presentó el detector de mentiras que desmentía información falsa difundida po,3,informativo,47,47,1.0,ok
auto-3520faacac,Programas sociales benefician a más de 1.6 millones en Guerrero: Presidenta,3,informativo,43,43,1.0,ok
auto-da01a6cae3,"En octubre concretará el gobernador May, el incremento de una hora el consumo de",3,informativo,40,40,1.0,ok
auto-9294ecc850,En el monitoreo de precios de la canasta básica PASIC de 24 productos que no deb,3,informativo,39,39,1.0,ok
auto-140c183067,"Se presentó un homenaje al Consejo Estudiantil Universitario (CEU) de 1986, movi",3,informativo,39,39,1.0,ok
auto-823a9617e3,Comisión del Congreso de Puebla avala acuerdo para fortalecer apoyos a productor,3,informativo,30,30,1.0,ok
auto-507721e8e8,Delfina Pozos acusa bloqueo legislativo de Morena en Congreso de Puebla - Reto D,3,informativo,27,27,1.0,ok
auto-8ec13057e3,Se informó sobre la Estrategia Nacional para Promover la Estabilización del Prec,3,informativo,27,27,1.0,ok
auto-5b0830cd07,"Respecto a las elecciones en Brasil, la presidenta Sheinbaum indicó que esperarí",3,informativo,27,27,1.0,ok
auto-b11bb033dd,Concesionarios de verificentros entregan a gobernadora Rocío Nahle evidencias de,3,informativo,24,24,1.0,ok
auto-6ac63efaf0,PAN Puebla definirá en noviembre a su candidato para la alcaldía en 2027 - Perió,3,informativo,21,21,1.0,ok
auto-8239f55705,¡CRISIS en #Yucatán! 🆘 El gobernador Joaquín Díaz Mena mantiene TOTAL SILENCIO a,3,informativo,20,20,1.0,ok
auto-3164666da8,"Tras señalamientos, Morena en Puebla exige a PAN ser autocrítico con nepotismo",1,completo,19,19,1.0,ok
auto-db001c445c,Gobernador de Tabasco da otra obra por 80 millones de pesos a constructora de am,3,informativo,19,19,1.0,ok
auto-9331c54edc,Gino Segura asume coordinación de Morena y recorrerá los 11 municipios de Q. Roo,3,completo,19,19,1.0,ok
auto-8b5c731512,En Oaxaca capturaron a cuatro integrantes de la Asaeo; hermano del gobernador de,3,informativo,17,17,1.0,ok
auto-f23ced8b4e,CON LA MIRA EN LA ELECCIÓN DE 2027: Determina Tercera Sala del TSJ archivar como,3,informativo,16,16,1.0,ok
auto-49721c498b,Fiscalía de Oaxaca obtiene vinculación a proceso por tentativa de robo y contra ,1,completo,15,15,1.0,ok
auto-ea5a0e5da2,Estrategia Nacional de Seguridad en Tabasco contribuye a reducir 54% el homicidi,3,informativo,15,15,1.0,ok
auto-fdf5a8cbd8,Julio Hernández López: Astillero,3,completo,14,14,1.0,ok
auto-951f36a51e,Reforma para reconocer infancias trans en Puebla no se heredará a la próxima leg,3,informativo,14,14,1.0,ok
auto-f9721ddfeb,Rocío Nahle envía iniciativa al Congreso de Veracruz para eliminar declaración d,3,informativo,14,14,1.0,ok
auto-dda509b8ea,Detienen a Luis de Llano por presunto incumplimiento de sentencia en caso Sasha ,1,completo,12,12,1.0,ok
auto-ead3ec111e,Congreso definirá el 26 de septiembre a nuevo titular del Orfis: “proceso de sel,3,informativo,12,12,1.0,ok
auto-cfdc17a54a,“Morena deberá definir incorporación de exdirigente al partido” - opinionciudada,3,informativo,12,12,1.0,ok
auto-cfab498458,Lo que Guadalajara entiende y Morena no,3,informativo,12,12,1.0,ok
morena-coordinadores-distritales,Coordinaciones distritales federales de Morena 2027,1,completo,12,12,1.0,ok
auto-69c4cc53cd,"En Izúcar de Matamoros, el diputado Pável Gaspar participó en la Jornada de Refo",3,informativo,11,11,1.0,ok
auto-79a33a0b5e,Impulsa Gobernador Javier May obras en Villahermosa y anuncia rehabilitación int,3,informativo,11,11,1.0,ok
auto-6c66c4f554,"PAZ irá solo en 2027 y marca distancia de Morena, afirma su dirigente - Imagen d",3,informativo,11,11,1.0,ok
auto-d96d7cfc94,PT Campeche abre posibilidad para no ir en coalición con Morena - La Jornada May,3,informativo,11,11,1.0,ok
auto-5d0a3874f7,El regreso de ‘la maestra’ Laura Artemisa al Congreso - MTP Noticias,3,informativo,11,11,1.0,ok
auto-1660f5abbf,"Rocío Nahle García, gobernadora, inició el recorrido por los 61 hospitales de Ve",3,informativo,11,11,1.0,ok
auto-dbae60d53e,"Mensaje del senador Ignacio Mier Velazco, presidente de la Junta de Coordinación",3,informativo,11,11,1.0,ok
auto-0ab49cdc5e,"¿Quién era Miguel Sánchez Altamirano,el alcalde de Juchitán detenido por fuerzas",3,informativo,11,11,1.0,ok
auto-444faadc89,Diputada de Morena acusa “encuesta amañada” en proceso interno de Quintana Roo -,3,informativo,11,11,1.0,ok
trump-agenda,Trump y México: declaraciones y presión,1,completo,11,11,1.0,ok
auto-a34275f96e,Ataque con arma blanca deja un herido; vecinos piden mayor vigilancia por casa “,1,completo,10,10,1.0,ok
auto-6f0ffe12e8,Congreso local descarta intervención política en situación de Paraíso,1,completo,10,10,1.0,ok
auto-641d6ee9f0,Morena se toma su tiempo porque no quiere sorpresas: Marybel Villegas - grupopir,3,informativo,10,10,1.0,ok
auto-7f7c69e0b9,Anuncia Mara Lezama inversión de 3 mil 600 mdp de la CFE para cableado submarino,3,informativo,10,10,1.0,ok
auto-da2a6b5bf0,Pío López Obrador tramita amparo contra la FGR: ¿Qué busca saber sobre investiga,3,informativo,10,10,1.0,ok
auto-93956bd174,"Morena rumbo a 2027: Zacatecas y Guerrero, estados donde enfrenta divisiones int",1,completo,10,10,1.0,ok
auto-551636d43e,¡Se confirma la caída de “Quetu”! Harfuch revela que el alcalde de Juchitán tení,3,informativo,10,10,1.0,ok
auto-973ac0b81b,Sheinbaum llama a protestas pacíficas por 12 años de Ayotzinapa; informe de inve,1,completo,10,10,1.0,ok
auto-efff65116c,Chedraui y Armenta abordarán con representantes de Carlos Slim el proyecto en Pa,3,informativo,10,10,1.0,ok
auto-0e7f079f97,#HuayNius 📲 | En el gobierno de ‘Huacho’ Díaz Mena puedes ser lo que quieras ser,3,informativo,9,9,1.0,ok
auto-92494ba2de,"""El PRI es inmortal"": Alito reta a Morena y le manda su polémico termo - MILENIO",3,informativo,9,9,1.0,ok
auto-595d7bc7d7,"Clase Política / Chiapas, laboratorio electoral y epicentro simbólico de Morena ",3,informativo,9,9,1.0,ok
auto-a5e3c47f56,Aprueban en el Poder Legislativo reforma para incorporar el Programa Especializa,3,informativo,9,9,1.0,ok
auto-f80e07e14a,"Con recorridos preventivos y monitoreo permanente, Gobierno Estatal vigila los 2",3,informativo,9,9,1.0,ok
auto-14e90f3ff5,Diputado José Luis Figueroa propone fortalecer educación en historia y civismo -,3,informativo,9,9,1.0,ok
auto-5ac251969e,Deben aprender a perder y a ganar: Higinio Martínez,3,informativo,9,9,1.0,ok
auto-d1618757e6,Manuel Velasco pide mantener unido al bloque oficialista rumbo a 2027 - Capital ,1,completo,9,9,1.0,ok
auto-de48c7d209,Donald Trump y la doctrina del caos geopolítico,3,informativo,9,9,1.0,ok
auto-6b039edaef,Alcalde de Juchitán es acusado de integrar red de extorsión ligada al CJNG; cobr,3,informativo,9,9,1.0,ok
auto-e1e0f1db38,Videojuego Maga: Casa Blanca lanza ‘Tetris’ sobre construir muro fronterizo cont,1,completo,8,8,1.0,ok
auto-614379801c,Destaca informe despliegue de seguridad en el AICM,3,completo,8,8,1.0,ok
auto-347d9e0e1e,SEP: ¿Habrá puente el 15 y 16 de septiembre?,3,completo,8,8,1.0,ok
auto-83129c6f41,Veracruz registra 204 casos de extorsión en 2026; Coparmex exige mayores accione,3,informativo,8,8,1.0,ok
auto-72bac8feeb,"Congreso de Yucatán analiza donar terrenos estatales a Izamal, Progreso y Tinum ",3,informativo,8,8,1.0,ok
auto-7183576418,"Tabasco suma 1,033 casos de fallecimiento autoinfligido en seis años",3,informativo,8,8,1.0,ok
auto-cbbe141e82,Desliz de Zavala Frías es caso cerrado para Morena: Romero del Valle - Quadratín,3,informativo,8,8,1.0,ok
auto-e0fea45fdb,"PRI analiza no ponerle contrincante a Morena en Tabasco: ""Que juegue solo 'Andy'",3,informativo,8,8,1.0,ok
auto-a4b0bd4418,Morena recicla estructura panista - solyucatan.mx,3,informativo,8,8,1.0,ok
auto-ba81181c58,Gobernador de Tabasco pide sanción para Zavala Frías por promoción política - Di,3,informativo,8,8,1.0,ok
auto-05ae8399b1,Buscan a estudiante de la BUAP: Fiscalía suma 23 actos de investigación - Periód,3,informativo,8,8,1.0,ok
auto-72839a859a,Los destapes de Morena con miras a 2027: quién es quién de los aspirantes a gobe,3,completo,8,8,1.0,ok
auto-92a626f832,"Morena inicia selección de candidatos a gobernaturas en 2024, incluyendo 17 enti",3,informativo,8,8,1.0,ok
auto-ab9031f496,Rechazan a perfiles externos a MORENA y PT para elección de diputados en Veracru,3,informativo,8,8,1.0,ok
auto-a7b2e4627d,Gobernador de Puebla cuestiona que mujeres encabecen municipios con presencia cr,3,informativo,8,8,1.0,ok
auto-863661eab7,Somos llama a “alianzas” en Oaxaca para arrebatarle a Morena la mayoría en el Co,3,informativo,8,8,1.0,ok
auto-15914cd38c,Impulsa Mara Lezama productividad del campo con entrega de nuevo equipamiento ga,3,informativo,8,8,1.0,ok
auto-796ebb5b06,Lo que dijo ayer el gobernador Alejandro Armenta en su Mañanera - Hipócrita Lect,3,informativo,8,8,1.0,ok
auto-f32641d2ff,"Dirigente de Morena en Puebla, Olga Lucía Romero Garci-Crespo, intentó JUSTIFICA",3,informativo,8,8,1.0,ok
auto-7e13e93744,Congreso perfila reforma para postular a una mujer a la gubernatura de Puebla en,3,informativo,8,8,1.0,ok
auto-090ed4bff3,"Elvis Guerra, diseñadora muxe que confeccionó la blusa que usó Claudia Sheinbaum",3,informativo,8,8,1.0,ok
auto-0cf631f520,Juchitán Oaxaca: Sego asegura estabilidad tras detención de edil - El Congresist,3,informativo,8,8,1.0,ok
auto-73a08896f9,Suchiapa propone a Daniela Flores como alcaldesa tras detención de edil y exalca,3,informativo,8,8,1.0,ok
auto-7539214bf2,Sheinbaum acusa a EE.UU. de usar tácticas de 'injerencia' para dividir a su Gobi,1,completo,7,7,1.0,ok
auto-995d1fce6a,“Son tiempos de zopilotes”: May acusa aprovechamiento político por falta de agua,3,informativo,7,7,1.0,ok
auto-ddddfbc34d,Rosa Icela Rodríguez: con diálogo dimos atención prioritaria a 8 mil 38 grupos,3,completo,7,7,1.0,ok
auto-8f28d41742,Afores apuntalan obras públicas,3,informativo,7,7,1.0,ok
auto-48624a5e73,Anuncian creación del “Central Park Mixteco” y obras viales por 43.2 mdp en Izúc,3,informativo,7,7,1.0,ok
auto-2dfb665c05,Pareja pasará más de 56 años en prisión por agredir a una menor en el Fracc. Ciu,1,completo,7,7,1.0,ok
auto-c0fe47bc19,Morena debe evitar nepotismo en cargos de Puebla rumbo a 2027: Parra tras difusi,3,completo,7,7,1.0,ok
auto-46180efe28,El combate al crimen organizado por la ejecución del periodista Alejandro Leyva ,3,informativo,7,7,1.0,ok
auto-e16c2c5511,Sheinbaum ofrece expertos para Ayotzinapa sin abrir archivos militares - Los Áng,3,informativo,7,7,1.0,ok
auto-51b9a88624,FGE busca a alcalde de Coahuitlán por realizar disparos en fiesta patronal - AVC,3,informativo,7,7,1.0,ok
auto-98898a5826,En Veracruz no hay emergencia sanitaria; medicamentos e insumos ya están en dist,3,informativo,7,7,1.0,ok
auto-5227063643,TEEP desecha denuncia contra Lupita Bárcenas por violencia política; sanciona a ,3,informativo,7,7,1.0,ok
auto-838a8fa7c2,Gobierno de Veracruz propondrá acotar fuero de alcaldes y síndicos: Ricardo Ahue,3,informativo,7,7,1.0,ok
auto-d3c4441a5a,Comparecencias sobre seguridad no llegarán al pleno en San Lázaro,1,completo,7,7,1.0,ok
auto-5f57f7343d,"Diputados de Veracruz se enfrentan por falta de medicamentos, brote de sarampión",3,informativo,7,7,1.0,ok
auto-3f8fcf6275,"Sheinbaum reacciona a dichos machistas del gobernador de Puebla, Alejandro Armen",3,informativo,7,7,1.0,ok
auto-1a559e674e,Diputada Norma Pimentel promueve una iniciativa para incorporar el acecho como u,3,informativo,7,7,1.0,ok
auto-280d4466cb,El secretario de Seguridad Pública del Estado participó en el Encuentro Nacional,3,informativo,7,7,1.0,ok
auto-d13bab47a4,Congreso de Yucatán aprueba reformas para blindar salud mental y combatir violen,3,informativo,7,7,1.0,ok
auto-3c55efcb9a,"Pavel Gaspar se destapa para liderar Morena en Puebla; acepta que le ""gustaría"" ",3,informativo,7,7,1.0,ok
auto-538d99c148,"Van al Congreso predios de la Juárez, Amalucan y Parque Biblioteca para el Cable",3,informativo,7,7,1.0,ok
auto-5a1d51df93,Clausura Congreso Oaxaqueño Segundo Periodo Ordinario de Sesiones - Meganoticias,3,informativo,7,7,1.0,ok
auto-228e1e9f00,Chevron ayudará a Trump a ‘explotar’ el petróleo de Venezuela: Invertirá 7 mmd p,3,informativo,6,6,1.0,ok
auto-c4363a69d5,El dinero y las mujeres,1,completo,6,6,1.0,ok
auto-eab7d88dca,Adiós a las trampas en el pago de impuestos: Sheinbaum va por evadir la evasión ,3,completo,6,6,1.0,ok
auto-e44925e90d,CFE interpone denuncia ante la FGR por el apagón en Yucatán,1,completo,6,6,1.0,ok
auto-bb96ae9fde,Fiscalía investiga doble homicidio en robo a vivienda de concesionarios de ruta ,1,completo,6,6,1.0,ok
auto-da08c4a466,"‘Si no contesto, pide ayuda’: Fiscalía revela la cronología del caso del tecladi",1,completo,6,6,1.0,ok
auto-e99f2ddc2c,Maciek Wisniewski: César Trump,3,informativo,6,6,1.0,ok
auto-64d2ac08f8,Exige Congreso proteger anidación de tortugas,3,informativo,6,6,1.0,ok
auto-e5f040f156,Acusan de agresión a 2 guardias de un centro de detención de migrantes en Florid,1,completo,6,6,1.0,ok
auto-a3cde516d7,Autoridades aseguran 12 mil 900 litros de hidrocarburo tras cuatro cateos en Hid,1,completo,6,6,1.0,ok
auto-1f9611614a,Trump sugiere cambiar nombre de Nuevo México por ‘Nueva América’: ¿Puede hacerlo,3,informativo,6,6,1.0,ok
auto-5d57879377,"Elecciones 2027: Fechas clave, cargos en juego y las preferencias",3,completo,6,6,1.0,ok
auto-0630ab1bed,"Pese a la tensión con Donald Trump, México le vende más que nadie a Estados Unid",1,completo,6,6,1.0,ok
auto-0381e666a9,"Sheinbaum resalta 7 de septiembre, día con menos homicidios con 25 casos; ""hay a",3,completo,6,6,1.0,ok
auto-b2a7a912a5,"Fundación Carlos Slim presenta &quot;Hoy Va Por Ti&quot; con Majo Aguilar, Karol",3,informativo,6,6,1.0,ok
auto-114021eef1,La Feria Xmatkuil podría quedarse sin estacionamiento si el Gobierno estatal no ,3,informativo,6,6,1.0,ok
auto-8ab7f9bd7b,SAT y Sheinbaum detectaron a más de 54 mil empresas que acumulan hasta cinco año,3,informativo,6,6,1.0,ok
auto-56ab51a724,Oaxaca TEEO exhibe rezago del Congreso; deberá legislar sobre edad mínima para c,3,informativo,6,6,1.0,ok
auto-4564c90209,Elección 2027: cuáles son las boletas “planchadas” y por qué generan temor hasta,3,informativo,6,6,1.0,ok
auto-9e3f36cfc1,Forma Ayuntamiento de Veracruz nuevos talentos en la natación con las Escuelas D,3,informativo,6,6,1.0,ok
auto-73c1c5814c,¡DESIGNA MORENA A 'AHIJADO' DE MARA EN QR! - NOTIVER,3,informativo,6,6,1.0,ok
auto-8a8046937c,El próximo sábado 19 de septiembre se llevará a cabo el segundo Simulacro Nacion,3,informativo,6,6,1.0,ok
auto-7ccf720161,Gobernador de Puebla prepara acciones para lluvias con monitoreo continuo y 48 h,3,informativo,6,6,1.0,ok
auto-a0f5b19c1e,Revelan chats de senadora de Morena donde pediría dinero a “El Rey del Huachicol,3,informativo,6,6,1.0,ok
auto-b7b3f85aa7,El Congreso de Veracruz dona 34 mil m² para un nuevo centro Teletón en Minatitlá,3,informativo,6,6,1.0,ok
auto-7413be01c2,Senador Antonio Morales impulsa reforma para eliminar juicios mercantiles extrat,3,informativo,6,6,1.0,ok
auto-756ae60dca,Sheinbaum sobre el uso de Salinas Pliego de una playa en Honduras para reality s,3,informativo,6,6,1.0,ok
auto-9d6bedadf8,“YO NUNCA ME VOY A SALIR DE MORENA” | Rafa Marín descarta ser candidato de otro ,3,informativo,6,6,1.0,ok
auto-fcc9a86393,Luis Gamero concluye sanción por violencia política de género y va por candidatu,3,informativo,6,6,1.0,ok
auto-ac8686d30d,"El gobernador de Puebla, Alejandro Armenta, repite viejas fórmulas y ERRORES: po",3,informativo,6,6,1.0,ok
auto-f6a337ec0d,"""Nadie estará por encima de la ley"": Salomón Jara tras detención del alcalde de ",3,informativo,6,6,1.0,ok
auto-16bfe5e7f1,Congreso buscará reunión con Pepe Chedraui sobre San Francisco Totimehuacan - Al,3,informativo,6,6,1.0,ok
auto-d1b50cd3c5,Claudia Sheinbaum destacó las reformas de sus primeros dos años de gobierno para,3,informativo,6,6,1.0,ok
auto-815ddd4e80,Flávio Bolsonaro desafía a Lula a debatir antes de las elecciones en Brasil,3,informativo,6,6,1.0,ok
auto-a00ea963de,"Con llantos, tensiones y consensos, Morena concreta 17 perfiles rumbo al 2027 - ",3,informativo,6,6,1.0,ok
auto-114acb3463,Andy Manuel López Beltrán se registra como aspirante a diputado en Tabasco - fom,3,informativo,6,6,1.0,ok
auto-a677371666,Pío López Obrador va por diputación en Chiapas; asegura que se someterá a los re,3,informativo,6,6,1.0,ok
reforma-judicial-jueces,Reforma Judicial — Elección de Jueces,1,completo,5,5,1.0,ok
auto-cf305ce8bf,"Sheinbaum acusa intentos de división desde EU y afirma que ""se topan con pared"" ",3,completo,5,5,1.0,ok
auto-422c0710a5,Unidad 4T: del dicho al hecho,3,informativo,5,5,1.0,ok
auto-77fe72c06b,"Noroña dice que tendrá ‘relación telepática’ con Higinio Martínez, nuevo preside",1,completo,5,5,1.0,ok
auto-c23661b683,Fuerte operativo se mantiene en Puebla tras la captura de “El Amarillo”,3,informativo,5,5,1.0,ok
auto-2570dff348,Monreal rechaza penas de hasta 140 años de cárcel a narcopolíticos: ‘Yo no soy d,3,informativo,5,5,1.0,ok
auto-4822c9492f,Ayuntamiento de Mérida coloca topes en cruce peligroso tras petición vecinal,3,informativo,5,5,1.0,ok
auto-b3e8f84808,Harfuch revela conflicto económico detrás del crimen de Jonathan Meléndez,3,completo,5,5,1.0,ok
auto-94e6fcda0b,Brenda Valenzuela exige a Sheinbaum revisión del caso de desaparición de su hijo,3,completo,5,5,1.0,ok
auto-5b60621f14,¿Hay clases el 15 y 16 de septiembre? Esto dice el calendario oficial de la SEP ,3,completo,5,5,1.0,ok
auto-d35ff71d76,Patrulla de la SSP choca contra auto de adulto mayor en el Centro de Mérida,3,informativo,5,5,1.0,ok
auto-1057a24cf0,"En 2° año, Congreso de Puebla aprueba 6 leyes, anulación de elecciones extranjer",3,completo,5,5,1.0,ok
auto-9254b7030c,Tabasco recibe el tour,3,completo,5,5,1.0,ok
auto-11006d328a,AMLO no llama; lo invocan,3,informativo,5,5,1.0,ok
auto-3348f40d12,Mapa político dividido: pugnas internas y erario definirán la elección en 2027 e,1,completo,5,5,1.0,ok
auto-a80c90e2d5,Visita Saltillo Claudia Sheinbaum; asegura que continuarán obras iniciadas en el,3,completo,5,5,1.0,ok
auto-9509edb163,Canadá implementa aranceles de represalia mientras Trump amenaza con una escalad,3,completo,5,5,1.0,ok
auto-0dd0508348,Columna: Veracruz en la mira de Harfuch luego de muerte de Zenyazen - urbisverac,3,informativo,5,5,1.0,ok
auto-fcde8058b6,“Ante fallas eléctricas; falta mucho por hacer”: Javier May,3,informativo,5,5,1.0,ok
auto-ae4ab61014,"Refugios de la frontera mexicana se vacían, medidas de Trump disuaden migración ",3,informativo,5,5,1.0,ok
auto-ed577db7f9,Veracruz pasa de 37 a 100 municipios “anormalmente secos” en solo 15 días; suman,3,informativo,5,5,1.0,ok
auto-abcaf1e891,"¿Cómo operaba la red ligada a Isaac ‘N’, alcalde detenido por robo de autotransp",3,informativo,5,5,1.0,ok
auto-e94d80a2e9,IMSS paga millones a Facebook por publicitar el informe de Claudia Sheinbaum - D,3,completo,5,5,1.0,ok
auto-6996413e26,Trump dice que la guerra de Irán terminará tras elecciones en EU de noviembre: ‘,3,completo,5,5,1.0,ok
auto-5dd7a57ff8,Sheinbaum minimiza apoyo para Pemex en 2027 tras incumplir promesa - Bloomberg L,3,informativo,5,5,1.0,ok
auto-9c310e1eab,CROC pide a gobernadora tomarlos en cuenta para obras del WTC y Puente Sotavento,3,informativo,5,5,1.0,ok
auto-6709cce016,Asambleas por cablebús iniciarán este fin de semana donde estarán 9 estaciones; ,3,informativo,5,5,1.0,ok
auto-6640c21962,Tensión en Morena: chocan Citlalli y Ariadna - Periódico Correo,3,informativo,5,5,1.0,ok
auto-b125dec02e,Sheinbaum dice que Fiscalía tiene ya “algunos resultados” tras muerte de diputad,3,completo,5,5,1.0,ok
auto-376e2b355a,"IAP Chiapas impulsa la capacitación municipal en seguridad pública, desarrollo u",3,informativo,5,5,1.0,ok
auto-9477a1ae65,"Desde 2025, Chiapas ha alfabetizado a 250 mil personas",3,informativo,5,5,1.0,ok
auto-704b28480f,Concluyen preparativos militares para el desfile del 16 de septiembre,1,completo,5,5,1.0,ok
auto-a204a64eda,Cecilia Patrón: la mujer detrás de la alcaldesa de Mérida - La Revista Peninsula,3,informativo,5,5,1.0,ok
auto-3a072c077d,Adquirirán predio para construir 2° campus de USEP en Puebla capital en 2027,3,informativo,5,5,1.0,ok
auto-3324ebcb1b,Ayuntamiento de Veracruz refuerza mantenimiento preventivo de la red pluvial - G,3,completo,5,5,1.0,ok
auto-c554fc10b9,Aprueban en comisiones la integración del Concejo de Esperanza tras detención de,3,completo,5,5,1.0,ok
auto-90b7e9e44e,"Tras altercado en Oaxaca entre maestros de la CNTE y simpatizantes de Morena, el",3,informativo,5,5,1.0,ok
auto-b056bd5bf8,Sheinbaum: “es absurda” la supuesta encuesta de EU sobre apoyo de mexicanos a un,1,completo,5,5,1.0,ok
auto-76581f32b3,AMENAZAS Y NARCOMANTA CONTRA ALCALDE DE TEMPOAL VERACRUZ APUNTA A SANCHEZ ZUMAYA,3,informativo,5,5,1.0,ok
auto-8b1d9f44c2,Claudia Tacoronte: Universidad de Granada suspende intercambios a la UAEM,3,completo,5,5,1.0,ok
auto-04cf34cf84,"Que viva la vida, la verdad y la libertad: Maru Campos",3,completo,5,5,1.0,ok
auto-42fdb6febe,Avalan en Comisión del Congreso iniciativa para garantizar el principio de parid,3,informativo,5,5,1.0,ok
auto-1a131301d3,"MÉXICO, UN PAÍS LIBRE E INDEPENDIENTE",3,informativo,5,5,1.0,ok
auto-32b3d896f7,Maru Campos envía carta a Sheinbaum y la invita a una mesa de Seguridad en Chihu,3,informativo,5,5,1.0,ok
auto-7d432c725e,"Movimiento Ciudadano va tras candidatos virtuales de Morena, presenta denuncia a",3,informativo,5,5,1.0,ok
auto-2d1e520ea8,Gobierno Estatal fortalece diálogo ciudadano mediante asambleas sobre Sistema de,3,informativo,5,5,1.0,ok
auto-69b7ea47fb,"🚨Fallece Anay Beltrán Reyes, diputada federal de Morena en Tultitlán, Edomex; el",3,informativo,5,5,1.0,ok
auto-151df52294,Claudia Sheinbaum afirma que no habrá impunidad en casos de Karla Margarita y Cl,3,informativo,5,5,1.0,ok
auto-0174e966c1,"Detienen a presunto feminicida de Karla Margarita, estudiante de medicina asesin",1,completo,5,5,1.0,ok
auto-5488826575,Anuncia Claudia Sheinbaum ampliación de subsidio eléctrico para Sinaloa por un m,3,informativo,5,5,1.0,ok
auto-450cb80895,El Ayuntamiento de Mérida presenta su convocatoria para la entrega de becas de e,1,completo,5,5,1.0,ok
auto-bc4191972b,"Buscan a Mateo Hernández, hijo del alcalde de Tecamachalco; trasciende presunto ",3,informativo,5,5,1.0,ok
auto-19f6ec5b78,Advierte gobernadora a funcionarios que aspiren a participar en proceso electora,3,informativo,5,5,1.0,ok
auto-062b15e740,Edgar Amador responde a Guillermo Ortiz: “política social fue sacrificada en per,3,informativo,5,5,1.0,ok
auto-cda850a77f,Congreso de Quintana Roo abre debate sobre salud integral y endurecimiento de pe,3,informativo,5,5,1.0,ok
auto-a9d89ee4b5,Morena Puebla alista recibimiento a Sheinbaum y respalda a Armenta ante críticas,3,informativo,5,5,1.0,ok
auto-7fc9fb56ad,Diputado del Verde cachetea a contrincante por candidatura en Puebla: lo apodan ,3,informativo,5,5,1.0,ok
auto-1925c582a4,Trump amenaza con aniquilar a Irán ante la ONU,3,informativo,5,5,1.0,ok
auto-c8fbd586e0,¡Cero tolerancia a Morena! PRI va con todo ante INE por campaña anticipada - Gru,3,informativo,5,5,1.0,ok
auto-5a0b8c2bec,INE define Consejo Local de Quintana Roo para elección federal de 2027 - Grupo A,3,informativo,5,5,1.0,ok
auto-a90440e1ff,"#HuayNius 📲 | Mientras el gobernador de #Yucatan, Joaquín Díaz Mena presume trab",3,informativo,5,5,1.0,ok
auto-9bc65c6223,"Sheinbaum, sobre López Obrador y su nuevo libro: “Se dedica a reflexionar y escr",1,completo,5,5,1.0,ok
auto-8c60a74868,"Luego del video del miércoles del ex mandatario Andrés Manuel López Obrador, la ",3,informativo,5,5,1.0,ok
auto-84b6ca9347,"Rocío Nahle. . Junto a nuestra presidenta Claudia Sheinbaum Pardo, avanzamos con",3,informativo,5,5,1.0,ok
auto-e6b3b54ab1,Firman convenio el Congreso local y la UVP para fortalecer la vinculación labora,3,informativo,5,5,1.0,ok
auto-42f6186085,"🚨 ¿Alejandro Armenta, Gobernador de Puebla, usa granjas de bots pagadas con recu",3,informativo,5,5,1.0,ok
auto-05b4bf90bf,"Gobernador de Nayarit, posible blanco de atentado tras caída de avioneta: FGE",3,informativo,5,5,1.0,ok
embajador-johnson-queretaro,Embajador Johnson en Querétaro: invitación del gobernador Kuri,1,completo,5,5,1.0,ok
auto-6eb860b9cf,Morena celebrará 15 años sin AMLO ni Sheinbaum - Maya Comunicación,3,informativo,5,5,1.0,ok
auto-506050e11d,Manuel Velasco compara a Harfuch con Pedro Infante - Tabasco HOY,3,informativo,5,5,1.0,ok
aranceles-trump-mexico,Guerra de Aranceles de Trump contra México,1,completo,4,4,1.0,ok
auto-e3d9250680,Fiestas patrias ya tiene a su representante en Nacajuca,3,completo,4,4,1.0,ok
auto-9317990416,Diputados de Veracruz ganan hasta 65 mil pesos mensuales; Congreso detiene descu,3,completo,4,4,1.0,ok
auto-8e22d39c6f,Habrá ley seca el 15 de septiembre en el primer cuadro del centro de Puebla,3,completo,4,4,1.0,ok
auto-50851e4c1e,Sin necesidad de separarse del cargo para participar en reelección de diputacion,1,completo,4,4,1.0,ok
auto-ab7247f936,Enrique Inzunza deja bancada de Morena en el Senado; votará en bloque,3,completo,4,4,1.0,ok
auto-b0eef37bca,"En Cuetzalan, hallan a 2 mujeres sin vida y con signos de violencia; hay 2 deten",3,completo,4,4,1.0,ok
auto-cc7018d16e,Julio Hernández López: Astillero,3,completo,4,4,1.0,ok
auto-7a83d34c51,"MILENIO. . #ENVIVO | Ya comienza la conferencia matutina de Claudia Sheinbaum, p",3,completo,4,4,1.0,ok
auto-1519354ed3,El gobierno de Trump lanza una cacería contra un fraude electoral que nadie encu,3,completo,4,4,1.0,ok
auto-7c80f6b331,Cuatro días sin luz en comunidades de Tapachula; familias preparan protestas y b,3,completo,4,4,1.0,ok
auto-59f34c52ae,EU reafirma colaboración con México contra los cárteles y sus finanzas,3,completo,4,4,1.0,ok
auto-f697a8ac5e,¿Sufriste algún delito? FGE de Puebla permite denunciar en línea hasta 24 tipos ,3,informativo,4,4,1.0,ok
auto-896ee45fdc,Médicos residentes del HAEV protestan nuevamente por desabasto de insumos; se po,3,completo,4,4,1.0,ok
auto-832f1c0529,Asume Laura Itzel Castillo cargo de secretaria de las Mujeres,3,informativo,4,4,1.0,ok
auto-8bb9996c52,"Detienen en Jalisco a 3 hombres buscados por el FBI, acusados de fraude y lavado",3,completo,4,4,1.0,ok
auto-ff8042afdf,Veracruz invertirá mil millones de pesos para comprar medicamentos e insumos ant,3,completo,4,4,1.0,ok
auto-7bb62e866a,Trump pide al Supremo permitir restricciones al voto por correo en EE.UU.,3,completo,4,4,1.0,ok
auto-f2176ed789,Estudiantes BUAP crean con sargazo biohilos para raquetas de tenis,3,informativo,4,4,1.0,ok
auto-f65f93f390,Trump proyecta un gigantesco arco dorado para celebrar los 250 años de EU,3,completo,4,4,1.0,ok
auto-898826892e,Intenso debate en el INE por “boletas planchadas”,1,completo,4,4,1.0,ok
auto-e1c1e84e1c,Congreso de Puebla inicia proceso para revocación de edil de Acatlán; se resolve,3,completo,4,4,1.0,ok
auto-ebcdc10688,¿Septiembre es la temporada de sismos en México? La ciencia responde con datos,3,completo,4,4,1.0,ok
auto-2d4eec21d5,FGR atraerá investigación por muerte de Zenyazen Escobar; secretario de Gobierno,3,completo,4,4,1.0,ok
auto-8f820fd813,‘Solo tamales picantes y tomates’: Trump dice que México no tiene nada que ofrec,3,informativo,4,4,1.0,ok
auto-8c2837d254,Policía Estatal Turística de Puebla conmemora 12 años con reconocimiento a 36 el,3,completo,4,4,1.0,ok
auto-4d3fa8adf7,Concentran 6 municipios la mayoría de los homicidios dolosos,3,completo,4,4,1.0,ok
auto-bf3da7611c,Sheinbaum anuncia inicio en 2027 del Tren México-Guadalajara - El Universal Hida,3,completo,4,4,1.0,ok
auto-52d955f410,Denuncia acoso y represalias en el Tribunal de Disciplina Judicial,3,completo,4,4,1.0,ok
auto-6d308458e5,El Show de la grilla,3,informativo,4,4,1.0,ok
auto-18f58deb44,Oscar Bautista anticipa respaldo al presupuesto de Sheinbaum para 2027 - emsaval,3,completo,4,4,1.0,ok
auto-ccda65cdff,"Detienen en Puebla a Samuel Alberto N., implicado en el feminicidio de Camino a ",3,completo,4,4,1.0,ok
auto-22a45ddc83,Waldo Fernández señala ausencia del Ejecutivo Estatal en evento Sheinbaum por te,3,completo,4,4,1.0,ok
auto-2f331ed9a4,Fiscalía Anticorrupción de Veracruz tiene 80 expedientes pendientes por presunto,3,completo,4,4,1.0,ok
auto-af39ab747c,Inversión en el Oriente de Mérida,3,informativo,4,4,1.0,ok
auto-c5d1916fd5,"Un acuerdo entre Rusia y Ucrania,  improbable",3,informativo,4,4,1.0,ok
auto-a736fc7d8a,Sheinbaum explica por qué es importante denunciar las páginas dedicadas a la pro,3,completo,4,4,1.0,ok
auto-1fc6508579,Esto no le gusta a Trump: China quiere ampliar ‘intercambios y cooperación’ con ,3,informativo,4,4,1.0,ok
auto-571c28bb8c,Llegada de Tony Gali a MC muestra debilitamiento del PAN en Puebla: Carvajal,3,informativo,4,4,1.0,ok
auto-c6a0670d38,Los adolescentes mexicanos retroceden en matemáticas y lectura en la prueba PISA,3,completo,4,4,1.0,ok
auto-7dcb7f54c0,Sheinbaum responde a sus críticos y deja una frase que ya genera debate sobre la,3,completo,4,4,1.0,ok
auto-3db2d27a19,Donald Trump asegura que EE.UU. usará “todo su poder” para impedir otro ataque c,1,completo,4,4,1.0,ok
auto-5c729fb512,EU anuncia que Perú se une a la iniciativa del Escudo de las Américas,3,informativo,4,4,1.0,ok
auto-1aff6b2c0e,Claudia Sheinbaum anuncia nueva ley para reducir el uso de efectivo; esto se sab,3,completo,4,4,1.0,ok
auto-9b8034236b,Productor acusa de Edson Álvarez y su esposa como complices de su presunto secue,3,informativo,4,4,1.0,ok
auto-11de87bf1e,"Jóvenes de 15 a 29 años, los que más se suicidan, señala el Inegi",3,informativo,4,4,1.0,ok
auto-0f99c8535b,Avalan el dictamen en comisiones de San Lázaro,3,informativo,4,4,1.0,ok
auto-3a7d319451,🗳️📌 SHEINBAUM ABRE LA PUERTA A SANCIONAR A PEDRO HACES EN MORENA Claudia Sheinba,3,completo,4,4,1.0,ok
auto-3f93c7ac8d,Así cambió la relación entre Canadá y EU desde el 11S hasta Trump,3,informativo,4,4,1.0,ok
auto-3c46a321aa,Fiscalía de Oaxaca obtiene vinculación a proceso contra hombre por violencia fam,3,completo,4,4,1.0,ok
auto-6f3f3b14de,"[#VIDEO] Lilly Téllez acusa a Sheinbaum de promover la “mediocridad escolar"" al ",3,informativo,4,4,1.0,ok
auto-904718701e,MC divide a la oposición: Zuarth - diariodechiapas.com,3,informativo,4,4,1.0,ok
auto-1f44deaf35,"Sátira Cupulosa: Alejandro Armenta presume máquinas de Café Cinco de Mayo, pero ",3,informativo,4,4,1.0,ok
auto-c4cec44b97,Fermín “N” enfrenta nueva orden de aprehensión por triple homicidio en Centro,3,informativo,4,4,1.0,ok
auto-4b98df7a0e,Suman 9 asesinatos políticos de mujeres en el actual sexenio,3,informativo,4,4,1.0,ok
auto-8515965e9e,Baca dejó tirado al cabildo señala alcaldesa interina de Paraíso,3,informativo,4,4,1.0,ok
auto-b6d34b06e4,1.9 millones de mexiquenses han salido de la pobreza con Delfina Gómez,3,completo,4,4,1.0,ok
auto-dbb788301a,Se pronostica un viernes 11 de septiembre con temperaturas frescas y cielo nubla,3,informativo,4,4,1.0,ok
auto-15d0ef9e2f,INE da banderazo al proceso electoral 2027; Taddei garantiza piso parejo a parti,3,informativo,4,4,1.0,ok
auto-edd6fdaeac,Detienen en Sonora a hombre por presunto maltrato animal; arrastró a un perro en,3,informativo,4,4,1.0,ok
auto-dbd56d058d,Trump alcanza cifra histórica y diésel en EU supera los 6 dólares: ¿Es más barat,1,completo,4,4,1.0,ok
auto-ecb9fc3541,"Capturan a 'El Caníbal' en Veracruz, acusado del homicidio del líder de la CATEM",3,informativo,4,4,1.0,ok
auto-809fc0c419,"Paraíso tendrá una planta potabilizadora de agua, adelanta gobernador - XEVA",3,informativo,4,4,1.0,ok
auto-682fb8d540,Trump rechaza regular la inteligencia artificial y advierte: “Quien gane con la ,3,informativo,4,4,1.0,ok
auto-ce0fc069f1,"Carlos Fazio: Trump, el procónsul Rubio y sus yes men",1,completo,4,4,1.0,ok
auto-c3a0f2be7a,Hombrada de Olmecas: armó Tabasco un plantel de primera,3,informativo,4,4,1.0,ok
auto-5978de66aa,Morena prevé definir 12 coordinaciones en próximas semanas; Guerrero y Michoacán,3,completo,4,4,1.0,ok
auto-7e7d897c4a,"Ingenio San Pedro se reactivará con el inicio de la zafra en noviembre, señala S",3,informativo,4,4,1.0,ok
auto-e28e776225,"❗️El acoso es un delito❗️ Si eres víctima, acude a la Fiscalía Especializada par",3,informativo,4,4,1.0,ok
auto-344a22ac7e,Alcalde de Tlaola tendrá que explicar por qué no denunció las granjas dé criptom,3,informativo,4,4,1.0,ok
auto-6fd9ec967d,FRENTE OPOSITOR: Gustavo Miranda llama a recuperar el autogobierno de Quintana R,3,informativo,4,4,1.0,ok
auto-ee75c21d30,Hay críticas tanto de la oposición como del propio partido en el poder.,3,informativo,4,4,1.0,ok
auto-5f2f4c8c21,Claudia Tacoronte: un crimen que deja preguntas sobre seguridad y atención de em,3,informativo,4,4,1.0,ok
auto-f2cd6e2037,Ministro en retiro alerta de cooptación de jueces tras la reforma judicial - yuc,3,informativo,4,4,1.0,ok
auto-9965a6c899,IEEPCO aplicará “8 de 8” a candidaturas en Oaxaca; sentenciados por violencia y ,3,informativo,4,4,1.0,ok
auto-4236154efe,Diputado Miguel Márquez promueve exhorto para fortalecer difusión sobre tarifas ,3,informativo,4,4,1.0,ok
auto-40bd63a8c7,MORENA: Rafael Marín acepta tercer lugar y señala que empezó tarde - Caribe Peni,3,informativo,4,4,1.0,ok
auto-515ab28a5a,Kimberly Flores reaparece y presume cómo celebró el Grito de Independencia tras ,3,completo,4,4,1.0,ok
auto-6830861e78,"Gali, Camarillo y Ortiz, los tres aspirantes de MC a alcalde de Puebla: Suriano ",3,informativo,4,4,1.0,ok
auto-90d728719a,"El IEPC Tabasco es un órgano autónomo, no interviene el Gobierno estatal: Pepin ",3,informativo,4,4,1.0,ok
auto-569803e8d5,"Cuestiona Sheinbaum acciones de EU contra el consumo de drogas, el lavado de din",1,completo,4,4,1.0,ok
auto-65764658fa,Estos son los deudores que mantienen en crisis a la Unión de Crédito Ganadero de,3,informativo,4,4,1.0,ok
auto-9653d810ab,Fomenta la diputada Floricel González diálogo y concienciación sobre la prevenci,3,informativo,4,4,1.0,ok
auto-255592d9a1,Transformación del campo y obra comunitaria fortalecen bienestar en la Sierra No,3,informativo,4,4,1.0,ok
auto-b07be93ff0,Garantiza transparencia separación de Jorge Zavala del IEPCT: Congreso - tabasco,3,informativo,4,4,1.0,ok
auto-dca74edd69,"Procesan a alcalde de Esperanza, Puebla, y a ocho más ligados al robo a transpor",3,informativo,4,4,1.0,ok
auto-3e91090023,Ve Armenta 'delicado' que mujeres gobiernen zonas violentas - Reforma,3,informativo,4,4,1.0,ok
auto-b67cd6d92d,Don Miguel Cantón Zetina recibe el galardón “Balam Balam” por su aporte al turis,3,informativo,4,4,1.0,ok
auto-818c1d18d1,Fiscalía de Puebla presenta plataforma digital de identificación humana - Diario,3,informativo,4,4,1.0,ok
auto-430c87247c,Fortalece Protección Civil refugios temporales ante temporal lluvioso en Sierra ,3,informativo,4,4,1.0,ok
auto-428e4f209c,Detención de presunto feminicida de Claudia Tacoronte no resuelve la violencia c,3,informativo,4,4,1.0,ok
auto-a809a49161,Advierte nuevo partido Somos una elección inequitativa en 2027 y cuestiona a órg,1,completo,4,4,1.0,ok
auto-10dbffebd5,Fiscalía de Guerrero investiga agresión de pobladores contra la Guardia Nacional,3,informativo,4,4,1.0,ok
auto-b739bf9715,Beatriz Mojica se reúne con Ariadna Montiel en Guerrero; acusa a oposición de “g,3,informativo,4,4,1.0,ok
auto-6fc144d43d,"Balean casa de Elvis Guerra, diseñador del vestido de Sheinbaum para el Grito: E",1,completo,4,4,1.0,ok
auto-981a579b6b,"¿El veto de Trump a CNN, MS NOW y Politico viola la Primera Enmienda? Esto dice ",3,informativo,4,4,1.0,ok
auto-c284ff239a,"Llega Claudia Sheinbaum a La Paz: ""No podíamos estar haciendo lo que hacemos, si",3,informativo,4,4,1.0,ok
auto-c443efe1ff,Lerma exige atención municipal.,3,informativo,4,4,1.0,ok
auto-c14a5e79db,Gobernador Jara lanza ultimátum a autoridades municipales y Gabinete de Segurida,3,informativo,4,4,1.0,ok
auto-2e8dd79af4,Gobierno de Puebla adelanta que habrá movimientos en el gabinete por la elección,3,informativo,4,4,1.0,ok
auto-eba6e3043c,El agua es un derecho y un asunto demasiado importante para convertirlo en una d,3,informativo,4,4,1.0,ok
auto-bce18ca66d,"Por las tensiones nacionales, el PT amenaza romper la alianza con Morena en la C",3,informativo,4,4,1.0,ok
auto-d3e431cd13,Destaca diputada Kathya Sánchez acciones para fortalecer la participación ciudad,3,informativo,4,4,1.0,ok
auto-0da27c579c,Familiares ya no podrían ir juntos en fórmulas municipales de Puebla; proponen r,3,informativo,4,4,1.0,ok
auto-07b9fc1858,"""La gente se coopera"": Morena rechaza gasto millonario en visita de Sheinbaum a ",3,informativo,4,4,1.0,ok
auto-c79c4518e6,Reforma Integral a la Constitución abre un proceso histórico para Oaxaca: Tania ,3,informativo,4,4,1.0,ok
auto-09750f0991,Pável Gaspar abre la puerta a dirigencia de Morena o al distrito de Acatlán - Su,3,informativo,4,4,1.0,ok
auto-b817af87c2,Ricardo Monreal respalda a Sheinbaum y ‘defiende’ reforma de nacionalidad única:,3,completo,4,4,1.0,ok
auto-20b5789e21,Congreso cita a gabinete de Mara Lezama para ampliar el cuarto informe de Gobier,3,informativo,4,4,1.0,ok
auto-a76909d1dc,Gobernador lamenta muerte de Hugo Alejandro; confía en la investigación de la FG,3,informativo,4,4,1.0,ok
auto-0c7ca2f7b4,Sinaloa y Baja California encabezaban la migración hacia Sonora: Qué cambió en 2,3,informativo,4,4,1.0,ok
auto-fe67532de7,Biby Rabelo cuestiona a Campechanos por basura.,3,informativo,4,4,1.0,ok
auto-fb3f6163b8,Gobernador confirma que solicitó desaparición de poderes en Juchitán y da línea ,3,informativo,4,4,1.0,ok
auto-6991f07b78,"Hallan muerto a Rubén Alberto Curiel Tejeda, exfiscal Anticorrupción de Puebla -",3,informativo,4,4,1.0,ok
auto-8068e8a65c,Carlos Alberto Torres Torres niega vínculos criminales tras señalamientos de la ,3,informativo,4,4,1.0,ok
auto-a086168bca,Se presentó un análisis comparativo del crecimiento hospitalario en México. Dura,3,informativo,4,4,1.0,ok
auto-c1b48b8202,Se reportó un aumento significativo en la formación de médicos especialistas. Ha,3,informativo,4,4,1.0,ok
auto-2c1ca15871,García Harfuch se reúne con representantes de Business Council of Canada para re,3,informativo,4,4,1.0,ok
auto-64ae116ba9,"Será un gusto recibirla nuevamente en VERACRUZ, querida presidenta Claudia Shein",3,informativo,4,4,1.0,ok
auto-db6a3aaf66,Aprobación de la Ley de Bienestar Animal: Se informó sobre la aprobación de la L,3,informativo,4,4,1.0,ok
auto-1e019f35d9,Se presentaron aclaraciones sobre los requisitos constitucionales para ser gober,3,informativo,4,4,1.0,ok
auto-7d9abcab58,Se informó sobre un episodio lamentable ocurrido en una escuela de Coahuila dond,3,informativo,4,4,1.0,ok
auto-4a853516da,"Los apoyos a la creación artística aumentaron 45 por ciento, pasando de mil 840 ",3,informativo,4,4,1.0,ok
auto-66b200615c,Video: Gobernadora de Veracruz atiende denuncia contra el alcalde José Luis Pére,3,informativo,4,4,1.0,ok
auto-96d2fdb2ce,Reaparición de López Obrador genera acontecimiento político digital disruptivo c,3,informativo,4,4,1.0,ok
auto-c1ddb26466,Ricardo Monreal deja en manos de Morena decisión sobre su continuidad política -,1,completo,4,4,1.0,ok
auto-c572abea68,Mañanera de la presidenta Claudia Sheinbaum minuto a minuto | 5 de octubre - Gru,3,informativo,4,4,1.0,ok
auto-2e8df6b4f9,Cinco diputados de Morena se registraron por candidaturas federales rumbo a 2027,3,informativo,4,4,1.0,ok
auto-12044f2311,Conferencia presidencial de Claudia Sheinbaum de este martes 06 de octubre de 20,3,informativo,4,4,1.0,ok
auto-ab51b7a24e,Reforma de nacionalidad única es avalada por 22 congresos estatales - Zona Franc,3,informativo,4,4,1.0,ok
auto-ec8c237f9a,Pío López Obrador se registra en proceso interno de Morena por Tuxtla Gutiérrez ,3,informativo,4,4,1.0,ok
gusano-barrenador,Gusano Barrenador y Frontera Ganadera,1,completo,3,3,1.0,ok
ovidio-guzman-culpabilidad,Ovidio Guzmán se Declara Culpable en EE.UU.,1,completo,3,3,1.0,ok
reforma-ley-amparo,Reforma a la Ley de Amparo,1,completo,3,3,1.0,ok
investigacion-grecia-quiroz,Investigación sobre posible vínculo de Grecia Quiroz con el crimen de Carlos Manzo,3,completo,3,3,1.0,ok
auto-dfc70a7131,Sheinbaum destaca proyectos estratégicos para Veracruz - Yahoo,3,completo,3,3,1.0,ok
auto-a8e45df92d,Un florete tabasqueño,3,informativo,3,3,1.0,ok
auto-1898627732,Donald Trump presume que en Latinoamérica “todos están yendo hacia la derecha”,3,completo,3,3,1.0,ok
auto-6f9a0419f2,Liberan tramo Las Trancas-Coatepec tras más de 24 horas de bloqueo; autoridades ,3,informativo,3,3,1.0,ok
auto-97615f5eb5,Roberto Velasco visitará China para reunirse con el ministro Wang Yi el 7 de sep,3,informativo,3,3,1.0,ok
auto-ad8d2dd2e3,"Harfuch confirma detención de ""El Amarillo"": ¿de qué se le acusa?",3,completo,3,3,1.0,ok
auto-25972bdda2,Ebrard viaja seguido a EU en busca de acuerdo para reducir aranceles al aluminio,3,informativo,3,3,1.0,ok
auto-f10f2472fc,La morenista Julieta Ramírez impulsó la creación de memes contra Sheinbaum en ti,1,completo,3,3,1.0,ok
auto-f69303ecec,"“Si tienes antecedentes penales, no puedes participar”: presidente de la JUCOPO",3,informativo,3,3,1.0,ok
auto-d5f8e64198,"'Hay Quienes Buscan Dividirnos, Pero No lo Lograrán': Afirma Sheinbaum de Gira p",3,completo,3,3,1.0,ok
auto-31e0fabfba,¿Tu celular termina en 2? Esta es la fecha límite para vincular tu línea o perde,3,completo,3,3,1.0,ok
auto-c100e11a08,Recibe Lomelí Vanegas en la UNAM al ministro chino de Ciencia y Tecnología,3,informativo,3,3,1.0,ok
auto-f5148c6063,No soportó ver a su ex con el otro,3,informativo,3,3,1.0,ok
auto-8cb0f8713f,"Con 13.5 mdp, rehabilitan calle Emiliano Zapata de Coronango; beneficiará a 46 m",3,informativo,3,3,1.0,ok
auto-20fd99bf67,"Para 2027, presupuesto será para obra comunitaria, campo, cablebús y periférico ",3,completo,3,3,1.0,ok
auto-7869134651,Aseguran 190 kilos de hierba verde y destruyen 11 plantíos en Nayarit,3,informativo,3,3,1.0,ok
auto-904cb3003e,Adrián de la Garza se reúne con campeona de boxeo Magaly “Tormenta” Rodríguez,3,informativo,3,3,1.0,ok
auto-40747421c7,Bachillerato Margarita Maza concluirá inscripciones el próximo lunes: SEP,3,informativo,3,3,1.0,ok
auto-aee18271cc,Convoca Alito a Fox a crear un amplio frente de oposición,3,informativo,3,3,1.0,ok
auto-680ee93646,Operamos 165 equipos antidrones a lo largo de la frontera con EU: Trevilla,3,informativo,3,3,1.0,ok
auto-54f641a19d,Sheinbaum auxilia a mujer tras caída; permanece hospitalizada bajo observación -,3,informativo,3,3,1.0,ok
auto-d6bf3ce68d,"Desigualdad, migración y nostalgia: las claves del auge de la extrema derecha en",3,informativo,3,3,1.0,ok
auto-309009e11f,"Sheinbaum destaca apoyos en Colima; critica encuentro entre Fox y 'Alito': ""¿El ",3,completo,3,3,1.0,ok
auto-d3871cf176,Así fue la noche del homicidio de Jonathan Meléndez y su familia; estas son las ,3,informativo,3,3,1.0,ok
auto-e026d143ec,DEA se da crédito por decomiso histórico de metanfetamina,3,completo,3,3,1.0,ok
auto-e1c20eda58,Políticos mexicanos convierten a España en destino preferido,3,completo,3,3,1.0,ok
auto-2a30753573,Herencia al comal,3,informativo,3,3,1.0,ok
auto-8d03b80be3,Desmantelan narcolaboratorios destinados a producir metanfetaminas en Guerrero,3,informativo,3,3,1.0,ok
auto-46a3beeefa,Migrantes de la caravana “Sueños sin fronteras” piden documentos para seguir su ,3,informativo,3,3,1.0,ok
auto-59af3e17fb,"Participaron 150 mil personas en gira de rendición de cuentas, asegura Sheinbaum",3,completo,3,3,1.0,ok
auto-0eaac64ca2,Operativo en aeropuerto de Mazatlán tras reporte de ataque a balazos,3,informativo,3,3,1.0,ok
auto-8cb61efd82,Plan de acción,3,informativo,3,3,1.0,ok
auto-c8bdd3f548,China ‘reprocha’ a México aranceles... y le advierte que no tolerará ‘interferen,3,completo,3,3,1.0,ok
auto-3af2094284,Anuncia SNTE reunión con Sefiplan para revisar pagos de pensiones pendientes des,3,informativo,3,3,1.0,ok
auto-65b631389b,Gasolineras mantendrán gasolina por debajo de 24 pesos hasta marzo,3,informativo,3,3,1.0,ok
auto-1dfbaf6703,PRD acusa a “Chepe” Olán de incapacidad para gobernar Jalpa de Méndez,3,informativo,3,3,1.0,ok
auto-db8557bab7,Supervisa Yolanda Osuna el parque La Pólvora,3,informativo,3,3,1.0,ok
auto-6c8acbf53c,INE instala Comisión de Verificación para evitar candidatos con vínculos delicti,1,completo,3,3,1.0,ok
auto-216028b552,"Detienen a 4 policías por entregar jóvenes a grupo criminal en Chetumal, Quintan",3,completo,3,3,1.0,ok
auto-ba02f40d99,Memes e imperialismo,3,informativo,3,3,1.0,ok
auto-3b8c79ec8b,Más de 2 mil estudiantes participarán en desfile del 16 de septiembre en Villahe,3,completo,3,3,1.0,ok
auto-b6b32040de,Armenta anuncia 50 mdp para mantenimiento de 50 hospitales del IMSS-Bienestar,3,completo,3,3,1.0,ok
auto-8861e40e95,Detienen a funcionaria de Baja California con casi 70 kilos de droga,3,completo,3,3,1.0,ok
auto-56a31188ab,Grecia Quiroz pide a la FGR atraer el caso de Carlos Manzo; urge a no politizar,3,completo,3,3,1.0,ok
auto-ac863be963,"Filtran chat de “El Rey del Huachicol” con senador de Morena, José Ramón Gómez L",1,completo,3,3,1.0,ok
auto-1fe20f908e,Rocío Nahle advierte tomar “otras medidas” contra directores que cobren cuotas d,3,informativo,3,3,1.0,ok
auto-f1fdf92d54,FGR catea 4 inmuebles en Zacatlán; hay 9 detenidos por posesión de huachicol,3,informativo,3,3,1.0,ok
auto-e8e4c12fc8,Acribillan a excandidata del Verde y a dos hombres en Matías Romero,3,informativo,3,3,1.0,ok
auto-e92552b366,Buscan frenar infiltración del crimen en candidaturas,3,informativo,3,3,1.0,ok
auto-9d86126755,Debe EU hacerse cargo del combate al narco en su propio país: Presidenta,3,informativo,3,3,1.0,ok
auto-c0d04d4b38,Sheinbaum propone Ley para hacer obligatorios los pagos con tarjeta y CoDi en se,3,informativo,3,3,1.0,ok
auto-add3b9110f,"¡Sin agua, pero con bloqueo! Seis colonias paralizan la Y de Zaachila",3,informativo,3,3,1.0,ok
auto-882dabc321,"Cae el ""Pepa"", operador clave de trasiego de drogas y tráfico de migrantes",3,informativo,3,3,1.0,ok
auto-f4faba8f59,Marco Rubio acusa que grupos criminales controlan zonas de México,3,completo,3,3,1.0,ok
auto-882c660ee2,Gobernadora gestiona rehabilitación del tramo de autopista Acayucan-Coatzacoalco,3,informativo,3,3,1.0,ok
auto-6a192375dd,Avanza Sistema Integral de Movilidad para consolidar un estado más dentro en 203,3,informativo,3,3,1.0,ok
auto-954008c18d,Más haitianos son arrestados por migración desde finales de julio - Telemundo Sa,3,informativo,3,3,1.0,ok
auto-9f41c7336d,Se busca rescatar el ingenio en Veracruz; Sheinbaum descarta subsidio y plantea ,3,completo,3,3,1.0,ok
auto-da1b31537e,Clima en Puebla y Morelos: Lluvias intensas por la onda tropical 37 el viernes 1,3,informativo,3,3,1.0,ok
auto-0bbc723252,Cómo las redes sociales de Trump reflejan su versión de la realidad,3,informativo,3,3,1.0,ok
auto-5b9b48fc0b,En Tapachula aflora fantasma de fundadores de MORENA; se autoeligen cargos de el,3,informativo,3,3,1.0,ok
auto-3f4b8a0472,"Elecciones en EEUU: Trump ofrece 5,000 dólares a los adultos del país si republi",3,informativo,3,3,1.0,ok
auto-dbfc0a98e7,“No son drones con armas”: Sheinbaum sobre aparatos usados por el crimen en la f,3,informativo,3,3,1.0,ok
auto-31f8ead624,Harfuch confirma operativo en inmueble usado por el crimen organizado en Jalisco,3,informativo,3,3,1.0,ok
auto-2cb562ea9e,Asesinan a hombre dentro de un auto en Texmelucan; buscan a los agresores,3,informativo,3,3,1.0,ok
auto-d30cf75482,"Horóscopos de Mizada Mohamed para hoy, viernes 11 de septiembre: día de atracció",3,informativo,3,3,1.0,ok
auto-228ba663a5,Sedarpa releva a funcionarios de ganadería por casos de corrupción; continúa com,3,informativo,3,3,1.0,ok
auto-d4c722b2c0,Adiós a los cargos sorpresa: Monreal presenta iniciativa contra cobros ocultos e,3,informativo,3,3,1.0,ok
auto-f1fa3803ab,¿Por qué latinos y jóvenes que apoyaron a Trump hoy le dan la espalda? - La Sill,3,informativo,3,3,1.0,ok
auto-1348c6490b,"CREAR EMPLEOS CON SALARIOS DIGNOS, SEGURIDAD E IMPULSAR ECONOMÍA, PIDEN CIUDADAN",3,informativo,3,3,1.0,ok
auto-8d20f6fcb7,¡Toma precauciones! Habrá cierres viales este domingo por ceremonia de los Niños,3,informativo,3,3,1.0,ok
auto-a97e4b7f53,"Arriesga Morena perder interés ciudadano al retrasar definiciones, afirma líder ",3,informativo,3,3,1.0,ok
auto-431e6b631d,Vuelven los sillazos del PRD ahora en Somos y ya culpan a Morena de reventar una,3,informativo,3,3,1.0,ok
auto-33f3ce8dff,"Sentencian a Noel ""N"", líder de facción del Cártel de Sinaloa y allegado al ""Cha",3,informativo,3,3,1.0,ok
auto-5d76746659,"En cateo, detienen a 5 integrantes de familia en Zacatlán; acusan irregularidade",3,informativo,3,3,1.0,ok
auto-efa313d35b,"Cada diputado local le cuesta 16.8 mdp al año a los veracruzanos, ¿sabes cuáles ",3,informativo,3,3,1.0,ok
auto-8b610b1adc,"Mariela Hernández, titular de la Secretaría de Salud, evade cuestionamientos ant",3,informativo,3,3,1.0,ok
auto-40a0f59228,Detienen a dos exfuncionarios de Torreón; FGR no ha informado los delitos,3,informativo,3,3,1.0,ok
auto-eb0ecee3de,El pacto de silencio en el Congreso - solquintanaroo.mx,3,informativo,3,3,1.0,ok
auto-23aafccb3f,"Layda Sansores, gobernadora de Campeche, señala campaña de ‘fake news’ y niega i",3,informativo,3,3,1.0,ok
auto-8337f0a6e3,Alarma silencio de la Fiscalía - Sol Yucatán,3,informativo,3,3,1.0,ok
auto-b31166b259,Presenta diputada Tania Caballero iniciativa para reestructurar la Administració,3,informativo,3,3,1.0,ok
auto-537c1d9f4c,"'No jodan', dice Marín por ex colaborador ligado a mafia - Reforma",3,informativo,3,3,1.0,ok
auto-d322a00f76,Fiscalía de Oaxaca ejecuta orden de aprehensión por violación y violencia famili,3,informativo,3,3,1.0,ok
auto-950461ecfe,Rosa María Hernández Espejo anuncia rescate de convento de San Agustín en Veracr,3,informativo,3,3,1.0,ok
auto-4f105f2c77,Gobernadores meten presión en Morena: fuentes señalan amagos para colocar a sus ,3,informativo,3,3,1.0,ok
auto-b909d87589,Gobernador Armenta Mier honra a heroínas y madres buscadoras en el Grito de Inde,3,informativo,3,3,1.0,ok
auto-66ea972eff,Decomisan 59 millones de litros de huachicol en Guanajuato: Llenarían 371 mil ba,3,completo,3,3,1.0,ok
auto-89b6d2d978,"Tras ausentarse en los destapes de Morena, Beto Anaya muestra sintonía con Dante",3,informativo,3,3,1.0,ok
auto-31e5bac14a,Pepe Chedraui define fecha para su segundo informe de labores; espera contar con,3,informativo,3,3,1.0,ok
auto-2e4c7f19ee,¿Quiénes son ‘El Fiera’ y ‘El Coreano’? Los detienen por extorsión a carnicerías,3,informativo,3,3,1.0,ok
auto-90797f8f3f,Congreso de Puebla escuchará propuestas de empresarios para crear leyes - tribun,3,informativo,3,3,1.0,ok
auto-4a0b0df6ff,Niega dirigente estatal del PAZ que vaya a convertirse en un partido satélite de,3,informativo,3,3,1.0,ok
auto-150309787d,Lilly Téllez señala “trampa” de Morena en la iniciativa para eliminar el fuero: ,3,informativo,3,3,1.0,ok
auto-e7791562f5,"Trump escala su pleito con la prensa: Prohibirá el acceso de CNN, MS NOW y Polit",3,informativo,3,3,1.0,ok
auto-dde2e457d8,Fiscalía reporta 50 resoluciones judiciales en 24 horas en Veracruz - Golpe Polí,3,informativo,3,3,1.0,ok
auto-6273eb885b,Ayuntamiento de Mérida advierte: ningún inspector puede solicitar dinero en la v,3,informativo,3,3,1.0,ok
auto-219929b73a,"""Son rumores"", dice vocero de Morena sobre posible llegada de Rafael Sánchez Cab",3,informativo,3,3,1.0,ok
auto-f89982a461,"Celebra UTVCO Primera Jornada “Excelencia Académica, Unidad y Transformación” - ",3,informativo,3,3,1.0,ok
auto-c306446950,Rogel con sólida estructura en Veracruz: ¿El activo clave de Morena para el 2027,3,informativo,3,3,1.0,ok
auto-0b8a90a032,Rechaza Sánchez Cabrales interés por dirigir Morena; asegura que se mantiene en ,3,informativo,3,3,1.0,ok
auto-3e19726171,En ocho secretarías de Armenta suman 18 cambios en un año y 10 meses,3,informativo,3,3,1.0,ok
auto-d555c3ea88,Morena pagará muy caro el despojo a jubilados y pensionados | COLUMNA de Héctor ,3,informativo,3,3,1.0,ok
auto-d1098b9096,Instituto del Congreso de Puebla suma solo cinco publicaciones en casi 15 años -,3,informativo,3,3,1.0,ok
auto-a09c86e019,PRI acusa que eliminar fuero municipal en Veracruz busca perseguir a la oposició,3,informativo,3,3,1.0,ok
auto-385f5e4775,Armenta descarta movimientos inmediatos en su gabinete y garantiza la operativid,3,informativo,3,3,1.0,ok
auto-8e1b5cb00c,Citlalli Hernández responde en defensa de Sheinbaum: “La injerencia extranjera t,3,informativo,3,3,1.0,ok
auto-b7cbe736e6,Mauricio Vila encabezará coordinación nacional del PAN,3,informativo,3,3,1.0,ok
auto-2a47547c9d,Se inconforman aspirantes de Morena tras quedar fuera: analizan impugnaciones y ,3,informativo,3,3,1.0,ok
auto-006fe23c33,‘Serenos todos’: Sheinbaum niega dedazo en Morena y llama a la calma a inconform,3,informativo,3,3,1.0,ok
auto-47b0661615,Huracán ‘Polo’ de categoría 5 bordeará la costa y no tocará tierra en México: Sh,3,informativo,3,3,1.0,ok
auto-249fb47d59,Senador afirma que México enfrenta una terrible crisis de seguridad; 70% del ter,3,informativo,3,3,1.0,ok
auto-2b13be0b3f,"“Ayyy... se me fue"": Diputada del PT en Chiapas olvida qué artículos busca modif",3,informativo,3,3,1.0,ok
auto-8aad613385,Reconoce congreso legado cultural de Oaxaca con medalla “Rodolfo Morales” - mega,3,informativo,3,3,1.0,ok
auto-b6fbde16ea,Morena ha creado un monstruo de poder que ahora se resquebraja desde dentro: Jor,3,informativo,3,3,1.0,ok
auto-6a4dcac63b,El ataque a diseñador de Sheinbaum aceleró arresto de Alcalde de Juchitán: Gober,3,informativo,3,3,1.0,ok
auto-80ca4d56b6,"Proyectos ferroviarios generan desarrollo económico, asegura la Presidenta",3,informativo,3,3,1.0,ok
auto-88567fb1d2,Catean domicilio de Guillermo Pamuce tras homicidio en Coatzacoalcos; autoridade,3,informativo,3,3,1.0,ok
auto-d9396b9e07,Jara lamenta que funcionarios “caigan en la tentación”; alcalde de Juchitán es e,3,informativo,3,3,1.0,ok
auto-d19d80c92b,"‘No lo veas a los ojos’: ¿Por qué le dicen ‘El Jaguar Negro’ a Eduardo Ramírez, ",3,informativo,3,3,1.0,ok
auto-af89c7ea3f,Deslaves podrían dejar incomunicado a Moloacán; alcalde pide ayuda a Rocío Nahle,3,informativo,3,3,1.0,ok
auto-786c00a97f,Chedraui esperará convocatoria de Morena para solicitar licencia para reelección,3,informativo,3,3,1.0,ok
auto-7762610fe8,“Morena es un poema y lo estamos escribiendo juntos”: Layda,3,informativo,3,3,1.0,ok
auto-ded5ff6eee,TEPJF ve inconstitucional reducción de regidurías en Puebla capital; SCJN analiz,3,informativo,3,3,1.0,ok
auto-620154193b,Llama Brugada a la unidad en tres materias en torno a la Presidenta,1,completo,3,3,1.0,ok
auto-b1713ea2e6,Detención de exalcalde de Juchitán abre disputa por recuperar el municipio - MVS,3,informativo,3,3,1.0,ok
auto-4b46a0f6b3,"""Estoy lista"": Gaby ""La Bonita"" Sánchez confirma interés en ser candidata a la p",3,informativo,3,3,1.0,ok
auto-697500ed4b,"Respalda Raúl Bolaños Cacho acciones del gobernador Salomón Jara en Juchitán, re",3,informativo,3,3,1.0,ok
auto-0a7d110ff1,"Magisterio, libre de apoyar a candidatos o partidos políticos de su elección - E",3,informativo,3,3,1.0,ok
auto-42a66084c3,"Carlos Slim Domit, el heredero, respalda a Sheinbaum: “Cuenten con nosotros y co",3,informativo,3,3,1.0,ok
auto-22541c2682,Buscará Congreso de Tabasco que Pemex apague 2 mecheros de batería Agave - Quadr,3,informativo,3,3,1.0,ok
auto-b9b55d28d7,Alcalde de Tecamachalco niega vínculos con la delincuencia y afirma que no renun,3,informativo,3,3,1.0,ok
auto-5bd0920f78,¿Ruptura entre Morena y PT? Citlalli Hernández aclara qué pasará con la alianza ,3,informativo,3,3,1.0,ok
auto-0622430799,Senado aprueba candado de nacionalidad mexicana para la presidencia; Puebla debe,3,informativo,3,3,1.0,ok
auto-707687c4c5,"Patrón Wong, defensor de migrantes - milenio.com",3,informativo,3,3,1.0,ok
auto-21bef3f72c,Destacan medios nexos de Nino Morales Toledo con red criminal y huachicol,3,informativo,3,3,1.0,ok
auto-08b6dc7c3e,De Griselda Álvarez a Delfina Gómez: las mujeres que abrieron el camino de la de,3,informativo,3,3,1.0,ok
auto-507541cef1,Saneamiento de ríos contaminados: Se presentó un plan integral de saneamiento de,3,informativo,3,3,1.0,ok
auto-20e0526052,Combate al tráfico ilegal de especies y protección de ecosistemas: Se presentaro,3,informativo,3,3,1.0,ok
auto-d002368d15,Economía circular y gestión de residuos: Se presentó el programa de economía cir,3,informativo,3,3,1.0,ok
auto-03dc32478d,Congreso de Yucatán elimina criminalización de personas con VIH por peligro de c,3,informativo,3,3,1.0,ok
auto-8e3b2ad436,Jasmín Bugarín admite que aún tiene ciudadanía estadounidense: ‘Mi equipo y yo e,3,informativo,3,3,1.0,ok
auto-8163d88afc,Sheinbaum condena decapitación de la estatua de Felipe Calderón: ‘No estoy de ac,3,informativo,3,3,1.0,ok
auto-c65e3ca5e1,Díaz-Canel felicita a Morena por 15 años de su fundación; diputados reciben a vi,3,informativo,3,3,1.0,ok
auto-4cf43de5c3,Los estados en que Morena tuvo que ceder ante el Verde para mantener la alianza ,3,informativo,3,3,1.0,ok
auto-0d57532b8e,La visita de Claudia Sheinbaum a Veracruz y la reaparición de AMLO - La Silla Ro,3,informativo,3,3,1.0,ok
auto-63e6dc9681,Antón Bojórquez se separa de su cargo en el Ayuntamiento de Playa del Carmen - Q,3,informativo,3,3,1.0,ok
carlos-torres-ofac-mayiza,"Carlos Torres, exesposo de Marina del Pilar: sanciones OFAC y La Mayiza",1,completo,3,3,1.0,ok
auto-23db6d7cb3,Morena alista celebración nacional por su 15 aniversario: ¿a qué hora y quiénes ,3,informativo,3,3,1.0,ok
auto-bf40cda520,Morena Puebla fija postura ante proyecto de Slim: primero el bienestar social - ,3,informativo,3,3,1.0,ok
auto-998b1d2094,Un Riqui Riquín en versión chavorruco: la historia privada de AMLO y Salinas Pli,3,informativo,3,3,1.0,ok
auto-576252043b,¡33 feminicidios y CERO respuestas! Puebla exige justicia mientras Fiscalía de A,3,informativo,3,3,1.0,ok
auto-a8e5fb94bf,Avioneta usada por gobernador se desploma - Cuarto Poder - Tu Diario Vivir,3,informativo,3,3,1.0,ok
auto-82a42e7999,Claudia Sheinbaum confirma inversión histórica de un billón de pesos en Energía ,3,informativo,3,3,1.0,ok
auto-5acecb2fbb,Tensión en Palacio Nacional: Sheinbaum habría cuestionado a García Harfuch por c,3,informativo,3,3,1.0,ok
