tema_id,tema,actor_id,actor,rol,notas_tema,accion_sugerida
huachicol-fiscal,Huachicol Fiscal,jd_vance,JD Vance,Responsable institucional,193,revisar: quitar o respaldar con nota
huachicol-fiscal,Huachicol Fiscal,jose_ramon_lopez_beltran,José Ramón López Beltrán,Investigado,193,revisar: quitar o respaldar con nota
huachicol-fiscal,Huachicol Fiscal,gonzalo_lopez_beltran,Gonzalo López Beltrán,Investigado,193,revisar: quitar o respaldar con nota
huachicol-fiscal,Huachicol Fiscal,jose_ramiro_lopez_obrador,José Ramiro López Obrador,Reacción social/mediática,193,revisar: quitar o respaldar con nota
huachicol-fiscal,Huachicol Fiscal,pio_lopez_obrador,Pío López Obrador,Reacción social/mediática,193,revisar: quitar o respaldar con nota
visa-de-andy,Visa de Andy,ruben_rocha_ruiz,Rubén Rocha Ruiz,Responsable institucional,80,revisar: quitar o respaldar con nota
tmec-revision,Revisión del T-MEC,jd_vance,JD Vance,Responsable institucional,93,revisar: quitar o respaldar con nota
rocha-moya-acusacion,Acusación de Narcotráfico contra Rocha Moya,ruben_rocha_ruiz,Rubén Rocha Ruiz,Investigado,89,revisar: quitar o respaldar con nota
intervencion-militar-eeuu,Amenazas de Intervención Militar de Trump,trump,Donald Trump,Responsable institucional,9,revisar: quitar o respaldar con nota
la-barredora,La Barredora,adan_augusto,Adán Augusto López Hernández,Mencionado,14,revisar: quitar o respaldar con nota
sinaloa-crisis,Crisis de Violencia en Sinaloa (Chapitos vs. Mayos),rocha_moya,Rubén Rocha Moya,Responsable institucional,35,revisar: quitar o respaldar con nota
aranceles-trump-mexico,Guerra de Aranceles de Trump contra México,trump,Donald Trump,Responsable institucional,4,revisar: quitar o respaldar con nota
auto-da08c4a466,"‘Si no contesto, pide ayuda’: Fiscalía revela la cronología del caso d",jd_vance,JD Vance,Responsable institucional,6,revisar: quitar o respaldar con nota
auto-cf2ebbe6da,La semana hace 50 años. Incertidumbre en Yucatán por la “flotación” de,amilcar_olan_aparicio,Amílcar Olán Aparicio,Mencionado,19,revisar: quitar o respaldar con nota
auto-a2f712b838,MILENIO. . La presidenta Claudia Sheinbaum rechazó aumentar el IVA y s,jd_vance,JD Vance,Responsable institucional,17,revisar: quitar o respaldar con nota
auto-a2f712b838,MILENIO. . La presidenta Claudia Sheinbaum rechazó aumentar el IVA y s,pascal_beltran,Pascal Beltrán del Río,Responsable institucional,17,revisar: quitar o respaldar con nota
auto-74eb0d08a7,México y Corea fortalecerán la relación bilateral,zavala_gomezdelcampo,Margarita Zavala Gómez del Campo,Mencionado,5,revisar: quitar o respaldar con nota
auto-74eb0d08a7,México y Corea fortalecerán la relación bilateral,martindelcampo,Juan Antonio Martín del Campo,Responsable institucional,5,revisar: quitar o respaldar con nota
auto-b5d6fb5683,Layda Sansores destaca liderazgo de Claudia,jd_vance,JD Vance,Responsable institucional,16,revisar: quitar o respaldar con nota
auto-d3c4441a5a,Comparecencias sobre seguridad no llegarán al pleno en San Lázaro,jose_ramon_lopez_beltran,José Ramón López Beltrán,Mencionado,7,revisar: quitar o respaldar con nota
auto-d3c4441a5a,Comparecencias sobre seguridad no llegarán al pleno en San Lázaro,gonzalo_lopez_beltran,Gonzalo López Beltrán,Mencionado,7,revisar: quitar o respaldar con nota
auto-d2ae07bb0d,Claudia Sheinbaum y Donald Trump hablaron por teléfono sobre el acuerd,jd_vance,JD Vance,Responsable institucional,7,revisar: quitar o respaldar con nota
auto-849ce1462c,Presenta el gobierno de Yucatán proyectos en el foro Momento Mexicano:,zavala_gomezdelcampo,Margarita Zavala Gómez del Campo,Mencionado,13,revisar: quitar o respaldar con nota
auto-849ce1462c,Presenta el gobierno de Yucatán proyectos en el foro Momento Mexicano:,martindelcampo,Juan Antonio Martín del Campo,Responsable institucional,13,revisar: quitar o respaldar con nota
auto-88859caeb0,Claudia Sheinbaum destacó coordinación con gobernadora de Guanajuato p,saul_monreal,Saúl Monreal Ávila,Responsable institucional,24,revisar: quitar o respaldar con nota
auto-88859caeb0,Claudia Sheinbaum destacó coordinación con gobernadora de Guanajuato p,monreal_avila,Ricardo Monreal Ávila,Responsable institucional,24,revisar: quitar o respaldar con nota
auto-726ae9441f,Claudia Sheinbaum refrenda respaldo a Tlaxcala con inversión en vivien,carlos_torres_rosas,Carlos Torres Rosas,Responsable institucional,18,revisar: quitar o respaldar con nota
auto-8108d66665,La presidenta Claudia Sheinbaum y el secretario de Seguridad y Protecc,zavala_gomezdelcampo,Margarita Zavala Gómez del Campo,Responsable institucional,8,revisar: quitar o respaldar con nota
auto-8108d66665,La presidenta Claudia Sheinbaum y el secretario de Seguridad y Protecc,martindelcampo,Juan Antonio Martín del Campo,Responsable institucional,8,revisar: quitar o respaldar con nota
reforma-doble-nacionalidad,Reforma constitucional contra la doble nacionalidad en candidaturas,monreal,Ricardo Monreal,Responsable institucional,77,revisar: quitar o respaldar con nota
auto-6df9b2e237,La presidenta Claudia Sheinbaum confirmó que no asistirá este año a la,jose_ramon_lopez_beltran,José Ramón López Beltrán,Mencionado,7,revisar: quitar o respaldar con nota
auto-6df9b2e237,La presidenta Claudia Sheinbaum confirmó que no asistirá este año a la,gonzalo_lopez_beltran,Gonzalo López Beltrán,Mencionado,7,revisar: quitar o respaldar con nota
auto-9bc65c6223,"Sheinbaum, sobre López Obrador y su nuevo libro: “Se dedica a reflexio",jose_ramiro_lopez_obrador,José Ramiro López Obrador,Responsable institucional,5,revisar: quitar o respaldar con nota
embajador-johnson-queretaro,Embajador Johnson en Querétaro: invitación del gobernador Kuri,mauricio_kuri,Mauricio Kuri González,Responsable institucional,4,revisar: quitar o respaldar con nota
embajador-johnson-queretaro,Embajador Johnson en Querétaro: invitación del gobernador Kuri,velasco,Roberto Velasco,Responsable institucional,4,revisar: quitar o respaldar con nota
