id,origen,destino,tipo_vinculo,fuerza,descripcion,fuente_url
c01,sheinbaum,amlo,padrinazgo,fuerte,"AMLO es el mentor político y fundador del movimiento que llevó a Sheinbaum a la Presidencia; su círculo mantiene influencia directa sobre decisiones estratégicas.",https://www.eluniversal.com.mx/opinion/mario-maldonado/la-reaccion-de-sheinbaum-a-la-carta-de-andy/
c02,amlo,andy,parentesco,fuerte,"Andy López Beltrán es hijo de AMLO y su operador político en Tabasco.",https://www.record.com.mx/historia/ee-uu-revoca-visa-a-hijos-de-amlo-aumenta-la-tension-con-politicos-mexicanos-2026081714081801658
c03,sheinbaum,garcia_harfuch,gabinete,fuerte,"Titular de la SSPC, gabinete de seguridad desde el inicio del sexenio.",https://es-us.finanzas.yahoo.com/noticias/conformado-gabinete-presidenta-claudia-sheinbaum-135858038.html
c04,sheinbaum,monreal,operador,fuerte,"Coordinador de la bancada de Morena en la Cámara de Diputados, pieza legislativa clave de la Presidencia.",https://madisonintelligence.substack.com/p/9-de-julio-2025
c05,sheinbaum,ebrard,gabinete,fuerte,"Secretario de Economía, a cargo de la negociación del T-MEC.",https://lasillarota.com/nacion/2026/5/1/gobierno-de-claudia-sheinbaum-estos-son-los-cambios-que-ha-habido-en-su-gabinete-592962.html
c06,sheinbaum,velasco,gabinete,medio,"Nuevo canciller designado el 1 de abril de 2026, aún en consolidación.",https://periodicocorreo.com.mx/nacional/2026/apr/02/gabinete-de-sheinbaum-cambios-en-areas-clave-a-ano-y-medio-de-su-gobierno-153761.html
c07,sheinbaum,godoy,gabinete,fuerte,"Fiscal General de la República, perfil cercano a la Presidenta desde su etapa en la CDMX.",https://www.elfinanciero.com.mx/nacional/2026/04/05/que-cambios-ha-hecho-claudia-sheinbaum-en-su-gabinete-presidencial/
c08,sheinbaum,montiel,operador,medio,"Dirigente nacional de Morena, designada para fortalecer la estructura partidista rumbo a 2027.",https://politica.expansion.mx/mexico/2026/04/29/cambios-gabinete-sheinbaum-para-tomar-control-en-morena
c09,adan_augusto,amlo,operador,fuerte,"Exlíder de Morena en el Senado, figura históricamente cercana al círculo de AMLO.",https://quinto-poder.mx/politicos/2026/04/04/reacomodo-del-gabinete-de-sheinbaum-en-lo-que-va-de-su-gobierno-65515.html
c10,ojeda,farias_manuel,parentesco,fuerte,"Manuel Roberto Farías Laguna es sobrino político del exsecretario de Marina Rafael Ojeda Durán.",https://www.infobae.com/mexico/2026/08/21/buques-empresas-fantasma-y-servidores-publicos-corruptos-el-mapa-del-huachicol-fiscal-que-llevo-a-farias-laguna-al-altiplano/
c11,ojeda,farias_fernando,parentesco,fuerte,"Fernando Farías Laguna es sobrino político del exsecretario de Marina Rafael Ojeda Durán.",https://www.infobae.com/mexico/2026/08/21/buques-empresas-fantasma-y-servidores-publicos-corruptos-el-mapa-del-huachicol-fiscal-que-llevo-a-farias-laguna-al-altiplano/
c12,farias_manuel,farias_fernando,parentesco,fuerte,"Los hermanos Farías Laguna son señalados como líderes conjuntos de la red de huachicol fiscal ('Los Primos').",https://zetatijuana.com/2026/03/huachicol-fiscal-y-la-naval-de-golpe-historico-al-olvido/
c13,alito,sheinbaum,confrontacion,fuerte,"El dirigente del PRI es señalado por la Presidencia de recurrir a presión de Estados Unidos contra adversarios políticos mexicanos.",https://www.viveusa.mx/noticias/sheinbaum-acusa-a-eu-de-injerencia-por-cancelar-la-visa-del-hijo-del-expresidente-lopez-obrador/
c14,trump,sheinbaum,presion-externa,fuerte,"El gobierno de Trump presiona a México en materia de huachicol fiscal, narcotráfico y revocación de visas a políticos mexicanos.",https://www.propublica.org/article/trump-mexico-travel-visa-restrictions-politicians-sheinbaum
c15,rubio,andy,confrontacion,fuerte,"Andy López Beltrán acusó por carta al secretario de Estado Marco Rubio de actuar en su contra por motivos políticos tras la revocación de su visa.",https://www.record.com.mx/historia/ee-uu-revoca-visa-a-hijos-de-amlo-aumenta-la-tension-con-politicos-mexicanos-2026081714081801658
c16,trump,marina_pilar,presion-externa,medio,"El Departamento de Estado revocó la visa de la gobernadora de Baja California y su esposo dentro de la ola de retiros de visas a políticos mexicanos.",https://www.propublica.org/article/trump-mexico-travel-visa-restrictions-politicians-sheinbaum
c17,gertz,ojeda,confrontacion,medio,"Gertz Manero declaró que Ojeda Durán había denunciado 'problemas' en la Semar; Ojeda no confirmó haber presentado una denuncia formal.",https://www.proceso.com.mx/nacional/justicia/2026/5/12/ojeda-nunca-denuncio-el-caso-de-huachicol-fiscal-en-el-que-estan-implicados-sus-sobrinos-373940.html
c18,sheinbaum,rosa_icela,gabinete,fuerte,"Secretaria de Gobernación desde el inicio del sexenio, a cargo de la política interna del gobierno.",https://serpientesyescaleras.mx/en-2026-la-presidenta-mueve-sus-piezas/
c19,sheinbaum,rocha_moya,operador,debil,"Gobernador de Sinaloa por Morena; la relación se tensó tras la acusación formal de fiscales de Estados Unidos, ante la cual Sheinbaum pidió pruebas contundentes antes de actuar.",https://www.infobae.com/mexico/2026/05/03/rocha-moya-y-sus-acusaciones-por-presuntos-nexos-con-el-cartel-de-sinaloa-seria-el-primer-gobernador-en-ser-extraditado/
c20,amlo,rocha_moya,operador,fuerte,"Rocha Moya fue un aliado cercano de AMLO y de su política de no confrontación directa con los cárteles.",https://www.dallasnews.com/espanol/al-dia/mexico/article/acusan-gobernador-sinaloa-narco-cartel-22233195.php
c21,sheinbaum,luisa_maria_alcalde,gabinete,fuerte,"Consejera Jurídica de la Presidencia desde el 1 de mayo de 2026; antes dirigencia nacional de Morena.",https://www.elfinanciero.com.mx/nacional/2026/08/14/sheinbaum-niega-que-4t-persiga-a-periodistas-no-son-listas-son-ejemplos/
c22,trump,jd_vance,gabinete,fuerte,"Vicepresidente de la administración Trump.",https://www.infobae.com/mexico/2026/01/03/algo-habra-que-hacer-con-mexico-trump-asegura-que-ha-insitido-a-sheinbaum-atacar-a-los-carteles-del-narco/
c23,trump,landau,gabinete,fuerte,"Subsecretario de Estado de la administración Trump.",https://www.eluniversal.com.mx/opinion/mario-maldonado/la-reaccion-de-sheinbaum-a-la-carta-de-andy/
c24,rubio,landau,operador,fuerte,"Ambos en la Secretaría de Estado de EE.UU.; señalados juntos por Andy López Beltrán en su carta a Trump.",https://www.eluniversal.com.mx/opinion/mario-maldonado/la-reaccion-de-sheinbaum-a-la-carta-de-andy/
c25,sheinbaum,ebrard,gabinete,fuerte,"Secretario de Economía, negociador principal de México en la revisión del T-MEC frente a Estados Unidos.",https://lasillarota.com/nacion/2026/5/1/gobierno-de-claudia-sheinbaum-estos-son-los-cambios-que-ha-habido-en-su-gabinete-592962.html
c26,ebrard,velasco,operador,medio,"Ambos coordinan frentes de la relación con Estados Unidos: comercio (Ebrard) y diplomacia (Velasco).",https://lasillarota.com/nacion/2026/5/1/gobierno-de-claudia-sheinbaum-estos-son-los-cambios-que-ha-habido-en-su-gabinete-592962.html
c27,sheinbaum,garcia_harfuch,gabinete,fuerte,"García Harfuch encabeza la investigación del asesinato de Carlos Manzo y es la voz pública del gabinete de seguridad en los grandes casos de coyuntura (Manzo, huachicol fiscal).",https://feeds.bbci.co.uk/news/articles/c70901djjw8o
c28,trump,rocha_moya,confrontacion,fuerte,"Fiscales federales de Estados Unidos acusaron formalmente a Rocha Moya de narcotráfico; la administración Trump ha mantenido la presión pese al rechazo del gobernador.",https://cnnespanol.cnn.com/2026/04/29/mexico/acusacion-gobernador-sinaloa-ruben-rocha-orix
c29,sheinbaum,citlalli,operador,medio,"Presidenta de la Comisión Nacional de Elecciones de Morena, clave en la definición de candidaturas rumbo a 2027 (análisis interno).",
c30,sheinbaum,mario_delgado,gabinete,fuerte,"Secretario de Educación Pública, exdirigente nacional de Morena (análisis interno).",
c31,sheinbaum,sergio_salomon,gabinete,medio,"Comisionado del Instituto Nacional de Migración (análisis interno).",
c32,sheinbaum,manuel_velasco,operador,debil,"Coordinador de senadores del PVEM, partido aliado legislativo de Morena (análisis interno).",
c33,alito,jorge_romero,operador,debil,"Coordinación laxa de oposición entre PRI y PAN en el Congreso (análisis interno).",
c34,jorge_romero,ricardo_anaya,operador,fuerte,"Ambos dirigentes del PAN (análisis interno).",
c35,alito,alvarez_maynez,confrontacion,debil,"Figuras de oposición de partidos distintos (PRI vs. Movimiento Ciudadano), sin alianza formal (análisis interno).",
c36,sheinbaum,alfonso_durazo,operador,fuerte,"Gobernador de Sonora y Presidente del Consejo Nacional de Morena (análisis interno).",
c36,trump,ebrard,operador,medio,"Contraparte estadounidense de facto en la negociación comercial del T-MEC que encabeza Ebrard (análisis interno, inferido de sus roles oficiales, no de una fuente periodística directa).",
