fecha,tipo,id,nombre,temperatura,peso,hechos_48h,hechos_7d,impacto
2026-10-06,tema,huachicol-fiscal,Huachicol Fiscal,caliente,100,4,10,9
2026-10-06,tema,visa-de-andy,Visa de Andy,caliente,22,1,6,2
2026-10-06,tema,visas-politicos-eeuu,Revocación de Visas a Políticos Mexicanos,apagado,8,0,0,2
2026-10-06,tema,tmec-revision,Revisión del T-MEC,caliente,78,4,7,7
2026-10-06,tema,carlos-manzo,Asesinato de Carlos Manzo,tibio,28,0,1,4.9
2026-10-06,tema,rocha-moya-acusacion,Acusación de Narcotráfico contra Rocha Moya,caliente,41,1,2,5.5
2026-10-06,tema,intervencion-militar-eeuu,Amenazas de Intervención Militar de Trump,apagado,21,0,0,5.4
2026-10-06,tema,la-barredora,La Barredora,tibio,36,0,1,6.4
2026-10-06,tema,el-mencho,"Abatimiento de ""El Mencho""",apagado,7,0,0,1.8
2026-10-06,tema,sinaloa-crisis,Crisis de Violencia en Sinaloa (Chapitos vs. Mayos),fuego,100,3,8,9
2026-10-06,tema,segundo-informe-gobierno-2026,Segundo Informe de Gobierno de Claudia Sheinbaum,apagado,23,0,0,5.8
2026-10-06,tema,auto-91a10c8965,Gobernador Salomón Jara condena el asesinato de Amy Navarrete en Oaxaca y refuer,apagado,25,0,0,6.4
2026-10-06,tema,auto-b7f9c3e7ec,Operación Enjambre suma 14 alcaldes procesados; cuatro son de Morena - El Inform,apagado,32,0,0,8.2
2026-10-06,tema,reforma-doble-nacionalidad,Reforma constitucional contra la doble nacionalidad en candidaturas,apagado,8,0,0,2
2026-10-06,tema,ley-egresos-2027,Paquete Económico y Ley de Egresos de la Federación 2027,apagado,29,0,0,7.5
2026-10-06,tema,auto-b817af87c2,Ricardo Monreal respalda a Sheinbaum y ‘defiende’ reforma de nacionalidad única:,apagado,24,0,0,6.2
2026-10-06,tema,morena-coordinadores-2027,Coordinadores estatales de Morena rumbo a 2027,caliente,97,7,15,8.7
2026-10-06,tema,morena-coordinadores-distritales,Coordinaciones distritales federales de Morena 2027,caliente,67,2,5,6
2026-10-06,tema,ley-antimemes,Ley Antimemes y reforma de propiedad industrial,tibio,72,0,4,6.5
2026-10-06,tema,operacion-enjambre,Operación Enjambre: alcaldes y funcionarios detenidos,tibio,31,0,1,5.5
2026-10-06,actor,sheinbaum,Claudia Sheinbaum Pardo,,100,,,
2026-10-06,actor,rocha_moya,Rubén Rocha Moya,,37,,,
2026-10-06,actor,morena_partido,Morena (partido político),,29,,,
2026-10-06,actor,amilcar_olan_aparicio,Amílcar Olán Aparicio,,21,,,
2026-10-06,actor,montiel,Ariadna Montiel,,16,,,
2026-10-06,actor,farias_fernando,Fernando Farías Laguna,,13,,,
2026-10-06,actor,farias_manuel,Manuel Roberto Farías Laguna,,13,,,
2026-10-06,actor,jasmine_bugarin_rodriguez,Jasmine Bugarín Rodríguez,,13,,,
2026-10-06,actor,alito_moreno,Alejandro Moreno Cárdenas,,13,,,
2026-10-06,actor,clara_luz_flores,Clara Luz Flores,,13,,,
2026-10-06,actor,ana_lilia_rivera,Ana Lilia Rivera,,12,,,
2026-10-06,actor,ramirez_cuellar,Alfonso Ramírez Cuéllar,,11,,,
2026-10-06,actor,cruz_perez_cuellar,Cruz Pérez Cuéllar,,11,,,
2026-10-06,actor,rocio_nahle_garcia,Rocío Nahle García,,11,,,
2026-10-06,actor,gino_segura,"Eugenio ""Gino"" Segura Vázquez",,10,,,
2026-10-06,actor,lorenia_valles_sampedro,Lorenia Valles Sampedro,,10,,,
2026-10-06,actor,tatiana_clouthier,Tatiana Clouthier,,10,,,
2026-10-06,actor,ebrard,Marcelo Ebrard,,10,,,
2026-10-06,actor,pri_partido,Partido Revolucionario Institucional (PRI),,8,,,
2026-10-06,actor,trump,Donald Trump,,8,,,
2026-10-06,actor,amlo,Andrés Manuel López Obrador ('AMLO'),,8,,,
2026-10-06,actor,garcia_harfuch,Omar García Harfuch,,8,,,
2026-10-06,actor,andrea_chavez,Andrea Chávez,,8,,,
2026-10-06,actor,marybel_villegas,Marybel Villegas,,7,,,
2026-10-06,actor,pan_partido,Partido Acción Nacional (PAN),,7,,,
2026-10-06,actor,salgado_macedonio,José Félix Salgado Macedonio,,7,,,
2026-10-06,actor,enrique_inzunza,Enrique Inzunza Cázarez,,6,,,
2026-10-06,actor,andy,Andrés Manuel López Beltrán ('Andy'),,5,,,
2026-10-06,actor,hernan_bermudez,Hernán Bermúdez Requena,,5,,,
2026-10-06,actor,manzo,Carlos Manzo Rodríguez,,5,,,
2026-10-06,actor,octavio_romero_oropeza,Octavio Romero Oropeza,,4,,,
2026-10-06,actor,julio_hernandez_lopez,Julio Hernández López,,4,,,
2026-10-06,actor,ernesto_ruffo,Ernesto Ruffo Appel,,4,,,
2026-10-06,actor,ignacio_mier_velazco,Ignacio Mier Velazco,,3,,,
2026-10-06,actor,ricardo_salinas_pliego,Ricardo Salinas Pliego,,3,,,
2026-10-06,actor,jose_ramon_lopez_beltran,José Ramón López Beltrán,,3,,,
2026-10-06,actor,gonzalo_lopez_beltran,Gonzalo López Beltrán,,3,,,
2026-10-06,actor,americo_villarreal,Américo Villarreal Anaya,,3,,,
2026-10-06,actor,monreal,Ricardo Monreal,,3,,,
2026-10-06,actor,inzunza_cazarez,Enrique Inzunza Cázarez,,3,,,
2026-10-06,actor,monreal_avila,Ricardo Monreal Ávila,,3,,,
2026-10-06,actor,ojeda,Rafael Ojeda Durán,,3,,,
2026-10-06,actor,jesus_ramirez_cuevas,Jesús Ramírez Cuevas,,3,,,
2026-10-06,actor,silva_romo,Luis Alfonso Silva Romo,,3,,,
2026-10-06,actor,marina_pilar,Marina del Pilar Ávila,,3,,,
2026-10-06,actor,landau,Christopher Landau,,2,,,
2026-10-06,actor,salomon_jara,Salomón Jara Cruz,,2,,,
2026-10-06,actor,sanchez_ramos,Paloma Sánchez Ramos,,1,,,
2026-10-06,actor,alejandro_armenta,Alejandro Armenta Mier,,1,,,
2026-10-06,actor,rubio,Marco Rubio,,1,,,
2026-10-06,actor,adan_augusto,Adán Augusto López Hernández,,1,,,
2026-10-06,actor,soto_picha,Juan Carlos Soto Picha,,0,,,
