id,tema_id,fecha,categoria,intensidad,descripcion,fuente_url
e01,huachicol-fiscal,2025-03-19,Seguridad,5,"Aseguramiento del buque Challenge Procyon en Altamira, Tamaulipas, con cerca de 8 millones de litros de hidrocarburo de contrabando.",https://www.infobae.com/mexico/2026/08/21/buques-empresas-fantasma-y-servidores-publicos-corruptos-el-mapa-del-huachicol-fiscal-que-llevo-a-farias-laguna-al-altiplano/
e02,huachicol-fiscal,2025-09-02,Seguridad,9,"Detención de 14 personas señaladas de encabezar la red, incluido el vicealmirante Manuel Roberto Farías Laguna.",https://www.elfinanciero.com.mx/nacional/2026/01/22/secretaria-de-marina-actualiza-el-caso-de-huachicol-que-paso-con-los-marinos-involucrados/
e03,huachicol-fiscal,2026-01-23,Seguridad,4,La Secretaría de Marina confirma un total de seis elementos detenidos o dados de baja por el caso.,https://www.nmas.com.mx/seguridad/narcotrafico/secretario-de-marina-confirma-6-elementos-detenidos-por-huachicol-fiscal/
e04,huachicol-fiscal,2026-02-20,Seguridad,6,Investigación de la FGR identifica hasta 34 marinos presuntamente involucrados en la red.,https://www.elfinanciero.com.mx/nacional/2026/02/20/investigacion-por-huachicol-fiscal-en-la-marina-quienes-son-los-34-marinos-involucrados-esto-sabemos/
e05,huachicol-fiscal,2026-04-23,Seguridad,9,"Fernando Farías Laguna es detenido en Buenos Aires, Argentina, con pasaporte falso de Guatemala.",https://www.elfinanciero.com.mx/nacional/2026/05/22/sobrinos-de-exsecretario-de-marina-asesinaron-a-testigos-de-huachicol-fiscal/
e06,huachicol-fiscal,2026-04-27,Seguridad,6,La Jornada reporta afectación económica de más de 301 mil millones de pesos y más de 11 millones de litros asegurados en el último año.,https://www.jornada.com.mx/2026/04/27/politica/012n1pol
e07,huachicol-fiscal,2026-05-12,Seguridad,4,Una jueza federal ordena a la FGR entregar la carpeta de investigación completa a la defensa de Farías Laguna.,https://www.proceso.com.mx/nacional/justicia/2026/5/12/ojeda-nunca-denuncio-el-caso-de-huachicol-fiscal-en-el-que-estan-implicados-sus-sobrinos-373940.html
e08,huachicol-fiscal,2026-08-21,Seguridad,8,Fernando Farías Laguna es trasladado desde Argentina a México para enfrentar el proceso penal.,https://www.infobae.com/mexico/2026/08/21/buques-empresas-fantasma-y-servidores-publicos-corruptos-el-mapa-del-huachicol-fiscal-que-llevo-a-farias-laguna-al-altiplano/
e09,visa-de-andy,2026-08-14,Bilateral,9,"Estados Unidos revoca la visa de Andrés Manuel López Beltrán, hijo de AMLO.",https://www.record.com.mx/historia/ee-uu-revoca-visa-a-hijos-de-amlo-aumenta-la-tension-con-politicos-mexicanos-2026081714081801658
e10,visa-de-andy,2026-08-15,Bilateral,7,Se reporta que los hermanos José Ramón y Gonzalo López Beltrán también fueron notificados de la cancelación de su visa.,https://www.infobae.com/mexico/2026/08/15/no-solo-a-andy-lopez-beltran-aseguran-que-visa-estadounidense-tambien-fue-revocada-a-otros-dos-hijos-de-amlo/
e11,visa-de-andy,2026-08-16,Bilateral,7,Sheinbaum califica la revocación como una forma de 'injerencia' política de Estados Unidos.,https://www.viveusa.mx/noticias/sheinbaum-acusa-a-eu-de-injerencia-por-cancelar-la-visa-del-hijo-del-expresidente-lopez-obrador/
e12,visa-de-andy,2026-08-17,Bilateral,8,Andy López Beltrán envía carta a Trump acusando a Marco Rubio y Christopher Landau de actuar en su contra por motivos políticos.,https://www.eluniversal.com.mx/opinion/mario-maldonado/la-reaccion-de-sheinbaum-a-la-carta-de-andy/
e13,visa-de-andy,2026-08-18,Bilateral,5,Sheinbaum da por cerrado el tema en su conferencia matutina tras varios días de preguntas.,https://vanguardia.com.mx/noticias/mexico/sheinbaum-cierra-tema-sobre-visa-de-andy-lopez-beltran-y-evita-mas-comentarios-IK22936295
e14,reconfiguracion-gabinete-2026,2026-04-01,Político,5,Roberto Velasco asume la Secretaría de Relaciones Exteriores tras la salida de Juan Ramón de la Fuente por motivos de salud.,https://periodicocorreo.com.mx/nacional/2026/apr/02/gabinete-de-sheinbaum-cambios-en-areas-clave-a-ano-y-medio-de-su-gobierno-153761.html
e15,reconfiguracion-gabinete-2026,2026-04-16,Político,4,Citlalli Hernández renuncia a la Secretaría de las Mujeres para sumarse a la estructura de Morena.,https://lasillarota.com/nacion/2026/4/16/gobierno-de-claudia-sheinbaum-cuales-cambios-ha-habido-en-su-gabinete-592962.html
e16,reconfiguracion-gabinete-2026,2026-04-28,Político,5,Ariadna Montiel deja la Secretaría de Bienestar; Leticia Ramírez Amaya asume la dependencia.,https://politica.expansion.mx/mexico/2026/04/29/cambios-gabinete-sheinbaum-para-tomar-control-en-morena
e17,relevos-morena-2027,2026-05-04,Político,5,El Congreso Nacional de Morena elige a Ariadna Montiel como presidenta del Comité Ejecutivo Nacional.,https://lideresmexicanos.com/noticias/cambios-gabinete-claudia-sheinbaum-morena-sinaloa
e18,visas-politicos-eeuu,2026-01-01,Bilateral,7,"La gobernadora de Baja California, Marina del Pilar Ávila, confirma la revocación de su visa y la de su esposo.",https://www.propublica.org/article/trump-mexico-travel-visa-restrictions-politicians-sheinbaum
e19,carlos-manzo,2025-11-01,Seguridad,10,"Carlos Manzo es asesinado a tiros durante el Festival de las Velas en Uruapan, Michoacán.",https://en.wikipedia.org/wiki/Carlos_Manzo
e20,carlos-manzo,2025-11-09,Seguridad,8,"El gobierno federal presenta el Plan Michoacán por la Paz y la Justicia, con más de 57 mil millones de pesos e inversión y 5,000 elementos de Guardia Nacional y Sedena.",https://news.culturacolectiva.com/noticias/mexico/quien-es-carlos-manzo/
e21,carlos-manzo,2025-11-21,Seguridad,6,Siete escoltas de Manzo son detenidos por posible relación con el homicidio 'en comisión por omisión'.,https://cnnespanol.cnn.com/2025/11/21/mexico/detienen-escoltas-homicidio-carlos-manzo-orix
e22,carlos-manzo,2025-11-24,Seguridad,7,La Fiscalía de Michoacán revela que el CJNG ofreció 2 millones de pesos por el asesinato y reclutó jóvenes en centros de rehabilitación.,https://www.proceso.com.mx/nacional/2025/11/24/asi-ofrecio-el-cjng-millones-para-matar-al-alcalde-carlos-manzo-recluto-jovenes-363427.html
e23,carlos-manzo,2026-07-30,Seguridad,4,"La investigación sigue activa con 31 personas detenidas, nueve meses después del homicidio.",https://news.culturacolectiva.com/noticias/mexico/quien-es-carlos-manzo/
e24,rocha-moya-acusacion,2026-04-29,Seguridad,10,Fiscales del Distrito Sur de Nueva York acusan formalmente a Rocha Moya y otros nueve funcionarios de narcotráfico y posesión de armas.,https://cnnespanol.cnn.com/2026/04/29/mexico/acusacion-gobernador-sinaloa-ruben-rocha-orix
e25,rocha-moya-acusacion,2026-05-02,Seguridad,8,Rocha Moya solicita licencia temporal como gobernador de Sinaloa para enfrentar las investigaciones.,https://www.infobae.com/mexico/2026/05/03/rocha-moya-y-sus-acusaciones-por-presuntos-nexos-con-el-cartel-de-sinaloa-seria-el-primer-gobernador-en-ser-extraditado/
e26,rocha-moya-acusacion,2026-05-26,Seguridad,6,Rocha Moya comparece como testigo ante la FGR en Culiacán y se declara inocente.,https://cnnespanol.cnn.com/2026/05/26/mexico/ruben-rocha-gobernador-narcotrafico-fiscalia-orix
e27,rocha-moya-acusacion,2026-08-21,Seguridad,8,Rocha Moya retoma el cargo de gobernador tras 112 días de investigación de la FGR sin hallar pruebas en su contra.,https://cnnespanol.cnn.com/2026/08/21/mexico/rocha-moya-retoma-gobernador-sinaloa-narcotrafico-orix
e28,lista-periodistas,2026-08-12,Social,8,Luisa María Alcalde proyecta en la mañanera una lista de 54 cuentas de medios y periodistas críticos al gobierno.,https://www.noroeste.com.mx/amp/nacional/sheinbaum-niega-existencia-de-lista-de-periodistas-elaborada-por-presidencia-NH24891972
e29,lista-periodistas,2026-08-14,Social,6,Sheinbaum niega que se trate de una lista negra y la defiende como ejemplo de cómo operan las redes sociales.,https://www.elfinanciero.com.mx/nacional/2026/08/14/sheinbaum-niega-que-4t-persiga-a-periodistas-no-son-listas-son-ejemplos/
e30,lista-periodistas,2026-08-18,Social,5,Sheinbaum acepta que 'ya no se digan estos nombres' en futuras presentaciones oficiales.,https://lasillarota.com/nacion/2026/8/18/que-ya-no-se-digan-estos-nombres-sheinbaum-sobre-lista-de-periodistas-524942.html
e31,intervencion-militar-eeuu,2025-11-18,Bilateral,7,Sheinbaum califica de 'not going to happen' cualquier intervención militar de EE.UU. tras nuevas amenazas de Trump.,https://www.aljazeera.com/news/2025/11/18/not-going-to-happen-sheinbaum-dismisses-trump-threat-of-mexico-strikes
e32,intervencion-militar-eeuu,2026-01-12,Bilateral,6,Sheinbaum descarta intervención militar tras una llamada telefónica con Trump.,https://www.telemundo.com/noticias/noticias-telemundo/internacional/sheinbaum-dice-que-tuvo-una-muy-buena-conversacion-con-trump-tras-su-a-rcna253589
e33,intervencion-militar-eeuu,2026-05-06,Bilateral,8,Trump advierte que su gobierno podría actuar militarmente contra cárteles si México 'no hace la tarea'.,https://www.telemundo.com/noticias/noticias-telemundo/narcotrafico/trump-mexico-narcos-ataques-lanchas-sheinbaum-carteles-eeuu-rcna343936
e34,intervencion-militar-eeuu,2026-05-07,Bilateral,6,Sheinbaum responde exigiendo a EE.UU. frenar el tráfico de armas y el consumo de fentanilo.,https://www.informador.mx/mexico/reconozcan-su-problema-sheinbaum-frena-a-trump-tras-amenaza-de-intervencion-militar-en-mexico-20260507-0059.html
e35,la-barredora,2025-07-14,Seguridad,6,"MCCI revela que 'La Barredora' estaba involucrada en el robo de combustible de barcos en el puerto de Dos Bocas, Tabasco.",https://contralacorrupcion.mx/la-barredora-hizo-negocios-con-el-tren-maya/
e36,la-barredora,2025-07-21,Seguridad,7,MCCI revela que la red también planeaba suministrar 180 mil litros semanales de huachicol para las obras del Tren Maya en Campeche.,https://www.infobae.com/mexico/2025/07/21/la-barredora-aprovecho-el-tren-maya-para-distribuir-huachicol-y-rentar-terrenos-segun-reportes-militares/
e37,la-barredora,2025-07-25,Seguridad,6,La UIF bloquea las cuentas bancarias de Hernán Bermúdez Requena y suspende actividades de empresas de familiares y socios.,https://lasillarota.com/nacion/2025/7/26/los-negocios-de-hernan-bermudez-la-barredora-con-el-tren-maya-546524.html
e38,el-mencho,2026-02-22,Seguridad,10,"Fuerzas de seguridad abaten a Nemesio 'El Mencho' Oseguera Cervantes en un operativo militar en Tapalpa, Jalisco.",https://en.wikipedia.org/wiki/2026_Mexico_cartel_unrest
e39,el-mencho,2026-02-23,Seguridad,9,"Tras represalias del CJNG que dejan 25 elementos de la Guardia Nacional muertos, es abatido 'El Tuli', lugarteniente de El Mencho.",https://en.wikipedia.org/wiki/2026_Mexico_cartel_unrest
e40,sinaloa-crisis,2024-09-09,Seguridad,9,Estalla la guerra interna del Cártel de Sinaloa tras la entrega de Ismael 'El Mayo' Zambada a autoridades de EE.UU.,https://en.wikipedia.org/wiki/Timeline_of_the_Infighting_in_the_Sinaloa_Cartel
e41,sinaloa-crisis,2025-12-31,Seguridad,7,"Sinaloa cierra 2025 con 1,654 homicidios dolosos, un 66% más que el año anterior; el más violento desde 2011.",https://politica.expansion.mx/estados/2026/01/23/sinaloa-arranca-2026-sumergido-en-la-violencia-por-guerra-entre-chapitos-y-mayitos
e42,sinaloa-crisis,2026-07-03,Seguridad,8,"Cerca de 3,000 muertos y 3,600 desaparecidos en dos años de guerra interna, según Infobae.",https://www.infobae.com/mexico/2026/07/03/chapos-contra-mayos-la-guerra-mas-prolongada-y-sanguinaria-del-cartel-de-sinaloa-desde-su-fundacion/
e43,rocha-moya-acusacion,2026-07-16,Bilateral,5,"El embajador de México en EE.UU., Roberto Lazzeri, asegura que el país extraditaría a Rocha Moya si se presentan pruebas suficientes.",https://www.infobae.com/mexico/2026/08/21/rocha-moya-retoma-gobierno-de-sinaloa-tras-ser-acusado-por-eeuu-de-presuntos-vinculos-con-el-narco-y-los-chapitos/
e44,rocha-moya-acusacion,2026-07-30,Bilateral,6,El congresista estadounidense Carlos Giménez acusa públicamente a Morena de ser un 'narcopartido' tras la imputación contra Rocha Moya.,https://www.infobae.com/mexico/2026/08/21/rocha-moya-retoma-gobierno-de-sinaloa-tras-ser-acusado-por-eeuu-de-presuntos-vinculos-con-el-narco-y-los-chapitos/
e45,huachicol-fiscal,2026-02-13,Seguridad,5,"El libro 'Ni Venganza ni Perdón' y reportes de prensa vinculan a Jesús Ramírez Cuevas -coordinador de asesores de la Presidencia- con presuntas redes de financiamiento opacas ligadas al empresario Sergio Carmona, señalado por huachicol; sin acusación formal en su contra.",https://politico.mx/2026/02/13/de-vocero-de-amlo-a-sospechoso-de-lavado-los-expedientes-negros-de-jesus-ramirez-cuevas/
e46,gusano-barrenador,2024-11-22,Económico,3,"El USDA-APHIS suspende temporalmente la importación de ganado bovino desde México tras el primer caso de gusano barrenador en Catazajá, Chiapas.",https://www.cambio22.com.mx/gusano-barrenador-desata-emergencia-en-mexico-por-riesgo-a-humanos-y-ganado/
e47,gusano-barrenador,2026-06-09,Económico,4,"Senasica suspende la importación de animales vivos desde EE.UU. tras confirmarse casos de gusano barrenador en Texas y Nuevo México, endureciendo el control sanitario de ambos lados de la frontera.",https://politica.expansion.mx/mexico/2026/06/22/crisis-ganadera-gusano-barrenador-en-mexico
e48,gusano-barrenador,2026-08-22,Económico,5,"Inicia la reapertura gradual de la frontera estadounidense al ganado en pie mexicano, comenzando por el cruce Agua Prieta-Douglas en Sonora.",https://www.elfinanciero.com.mx/nacional/2026/08/22/ganaderos-mexicanos-se-preparan-para-exportar-a-eu-enfrentaran-filtros-para-evitar-al-gusano-barrenador/
e49,reforma-judicial-jueces,2024-09-11,Gobernabilidad,9,"El Senado aprueba la reforma judicial con 86 votos a favor, tras una sesión que tuvo que reubicarse por bloqueo de manifestantes; Morena logra mayoría calificada con apoyo del panista Yunes Márquez.",https://es.rollingstone.com/el-senado-aprueba-la-reforma-al-poder-judicial/
e50,reforma-judicial-jueces,2024-09-15,Gobernabilidad,8,"La reforma judicial se publica en el Diario Oficial de la Federación, entrando en vigor — México se convierte en el primer país del mundo en elegir jueces y ministros por voto popular.",https://www.dof.gob.mx/nota_detalle.php?codigo=5738985&fecha=15%2F09%2F2024
e51,reforma-judicial-jueces,2025-06-01,Gobernabilidad,8,"Se celebra la primera elección judicial popular de la historia del país; Sheinbaum vota y la califica de ""todo un éxito"" en un mensaje por X.",https://cnnespanol.cnn.com/mexico/live-news/elecciones-judiciales-mexico-2025-resultados-orix
e52,reforma-judicial-jueces,2025-06-03,Gobernabilidad,7,"Se confirma una participación de solo 12.57%-13.32% del listado nominal, la más baja de un proceso electoral nacional reciente, generando debate sobre la legitimidad del nuevo sistema judicial.",https://www.france24.com/es/am%C3%A9rica-latina/20250603-qu%C3%A9-sigue-tras-la-hist%C3%B3rica-y-controvertida-elecci%C3%B3n-judicial-en-m%C3%A9xico
e53,reforma-judicial-jueces,2026-05-29,Gobernabilidad,6,El Congreso aprueba ajustes a la reforma judicial que posponen la siguiente elección de jueces a 2028 y separan esa fecha de la revocación de mandato.,https://cnnespanol.cnn.com/2026/05/29/mexico/reforma-judicial-sheinbaum-eleccion-jueces-magistrados-2028-orix
e54,desaparicion-organismos-autonomos,2024-12-03,Gobernabilidad,7,"19 congresos locales aprueban la reforma constitucional que extingue 7 organismos autónomos (INAI, IFT, Cofece, Coneval, CRE, CNH, Mejoredu).",https://www.infobae.com/mexico/2024/12/03/congresos-locales-aprueban-desaparicion-del-inai-ift-y-otros-organismos-autonomos/
e55,desaparicion-organismos-autonomos,2024-12-10,Gobernabilidad,8,"El Congreso declara constitucional la desaparición de los 7 organismos, con 21 congresos locales avalando la reforma; costo estimado de 0.05% del Presupuesto 2025.",https://www.bloomberglinea.com/latinoamerica/mexico/congreso-declara-constitucional-desaparicion-de-inai-cofece-coneval-ift-y-cre/
e56,desaparicion-organismos-autonomos,2024-12-20,Gobernabilidad,7,"Se publica en el Diario Oficial de la Federación el decreto de ""simplificación orgánica""; la reforma entra en vigor el 21 de diciembre de 2024.",https://www.gtlaw.com/en/insights/2025/1/extincion-de-organismos-autonomos-y-reguladores
e57,desaparicion-organismos-autonomos,2025-03-21,Gobernabilidad,6,El INAI cesa formalmente funciones; sus atribuciones de transparencia y protección de datos pasan a la Secretaría Anticorrupción y Buen Gobierno.,https://www.olivares.mx/es/extinction-of-the-national-institute-for-transparency-access-to-information-and-personal-data-protection/
e58,extradicion-29-narcotraficantes,2025-02-27,Relación Bilateral,10,"México extradita a 29 narcotraficantes de alto perfil a EE.UU., incluidos Rafael Caro Quintero (buscado por el asesinato del agente de la DEA ""Kiki"" Camarena en 1985) y los hermanos Treviño Morales, líderes de Los Zetas.",https://cnnespanol.cnn.com/2025/02/27/eeuu/quienes-son-29-narcotraficantes-mexico-extradito-estados-unidos-orix
e59,extradicion-29-narcotraficantes,2025-02-28,Relación Bilateral,8,Analistas la califican como una de las operaciones más importantes en la historia moderna de extradiciones entre ambos países — México extraditó en un solo día casi la mitad del promedio anual de sospechosos entregados entre 2019 y 2023.,https://latinamericadailybriefing.substack.com/p/mexico-extradites-29-alleged-criminals
e60,aranceles-trump-mexico,2024-11-25,Economía,8,"Trump, como presidente electo, anuncia que impondrá aranceles del 25% a todos los productos de México y Canadá desde su primer día en el cargo, citando fentanilo y migración irregular.",https://hdepaola.substack.com/p/trump-promete-tarifa-de-25-para-canada
e61,aranceles-trump-mexico,2025-02-03,Economía,8,"Sheinbaum anuncia un acuerdo con Trump para posponer un mes los aranceles, comprometiendo el despliegue de la Guardia Nacional en la frontera sur para frenar el tráfico de fentanilo.",https://moolenaar.house.gov/media-center/press-releases/moolenaar-tariffs-canada-mexico
e62,aranceles-trump-mexico,2025-03-12,Economía,6,"Entran en vigor los aranceles estadounidenses del 25% a todas las importaciones de acero y aluminio, afectando directamente a la industria siderúrgica mexicana.",https://cnnespanol.cnn.com/2025/03/31/economia/amenazas-idas-vueltas-cronologia-negociaciones-mexico-ee-uu-evitar-aranceles-orix
e63,aranceles-trump-mexico,2025-07-31,Economía,7,"Trump anuncia una extensión de 90 días para negociar con México, mientras México sigue pagando el arancel del 25% por fentanilo, 25% en autos y 50% en acero, aluminio y cobre.",https://www.proceso.com.mx/nacional/2025/7/31/trump-afirma-que-mexico-seguira-pagando-arancel-del-25-por-trafico-de-fentanilo-355943.html
e64,rancho-izaguirre-teuchitlan,2025-01-29,Seguridad Nacional,6,"La SSPC informa la detención de 37 personas en un campo de adiestramiento del crimen organizado en Teuchitlán, Jalisco; 36 son liberadas después al confirmarse que eran víctimas de reclutamiento forzado.",https://www.milenio.com/estados/como-es-el-crematorio-clandestino-hallado-en-jalisco-conoce-las-fotos
e65,rancho-izaguirre-teuchitlan,2025-03-05,Seguridad Nacional,9,"El colectivo Guerreros Buscadores de Jalisco descubre crematorios clandestinos, restos óseos calcinados y más de 200 pares de zapatos en el Rancho Izaguirre, tras una llamada anónima.",https://www.infobae.com/mexico/2025/03/24/cronologia-del-caso-rancho-izaguirre-un-repaso-en-el-tiempo-desde-su-hallazgo-hasta-las-detenciones/
e66,rancho-izaguirre-teuchitlan,2025-03-12,Seguridad Nacional,8,"Sheinbaum se pronuncia en conferencia matutina, calificando de dolorosas las imágenes y llamando a una investigación coordinada para deslindar responsabilidades.",https://www.france24.com/es/am%C3%A9rica-latina/20250313-rancho-izaguirre-el-centro-de-reclutamiento-y-exterminio-del-narcotr%C3%A1fico-que-estremece-a-m%C3%A9xico
e67,rancho-izaguirre-teuchitlan,2025-03-19,Seguridad Nacional,8,"El fiscal general Alejandro Gertz Manero confirma en conferencia el hallazgo de restos óseos, y señala que las autoridades estatales no realizaron la debida recolección de evidencia en intervenciones previas.",https://www.adn40.mx/seguridad/2025-03-19/fgr-conferencia-crematorios-clandestinos-teuchitlan-jalisco
e68,ovidio-guzman-culpabilidad,2025-07-11,Relación Bilateral,9,"Ovidio Guzmán se declara culpable de 4 cargos (narcotráfico internacional, delincuencia organizada, liderazgo del Cártel de Sinaloa) ante una corte de Chicago, comprometiéndose a cooperar con la fiscalía de EE.UU.",https://www.jornada.com.mx/noticia/2025/07/12/politica/ovidio-guzman-se-declaro-culpable-en-tribunal-de-chicago
e69,ovidio-guzman-culpabilidad,2025-07-11,Relación Bilateral,7,"El abogado de Ovidio, Jeffrey Lichtman, llama a Sheinbaum ""vocera de relaciones públicas de una organización narcotraficante"" y amenaza con revelar más información.",https://latinus.us/mexico/2025/7/11/ovidio-se-declara-culpable-desata-una-bomba-de-acusaciones-entre-su-abogado-el-gobierno-llama-sheinbaum-vocera-de-un-grupo-del-narcotrafico-146651.html
e70,ovidio-guzman-culpabilidad,2025-07-16,Relación Bilateral,6,"Ovidio Guzmán deja de estar bajo custodia del Buró Federal de Prisiones de EE.UU. tras su declaración de culpabilidad, trasladado a una ubicación no revelada.",https://www.infobae.com/mexico/2025/07/16/ovidio-guzman-ya-no-esta-bajo-custodia-del-buro-federal-de-prisiones-en-eeuu-tras-declararse-culpable/
e71,plan-mexico-industrial,2025-01-13,Economía,7,"Sheinbaum presenta el Plan México al cumplir 100 días de gobierno: 13 metas para atraer más de 2,000 proyectos de inversión por 277 mil millones de dólares y reducir importaciones asiáticas.",https://politica.expansion.mx/presidencia/2025/01/13/sheinbaum-frente-a-cualquier-incertidumbre-mexico-tiene-un-plan
e72,plan-mexico-industrial,2025-03-18,Economía,6,"Sheinbaum promulga una reforma energética que restructura el sector eléctrico a favor de la CFE, exigiendo que al menos 54% de la electricidad despachada provenga de plantas estatales, como parte del marco del Plan México.",https://www.trade.gov/index.php/market-intelligence/mexico-energy-sector-reform
e73,reforma-ley-amparo,2025-09-15,Gobernabilidad,7,"Sheinbaum presenta ante el Senado la iniciativa para reformar la Ley de Amparo, el Código Fiscal de la Federación y la Ley Orgánica del Tribunal Federal de Justicia Administrativa.",https://www.bdomexico.com/es-mx/publicaciones/boletines-de-consultoria-legal-es/2025/ley-amparo-2025
e74,reforma-ley-amparo,2025-10-02,Gobernabilidad,8,"El Senado aprueba la reforma con mayoría de Morena, pero incluye un artículo transitorio (agregado por el propio partido) para aplicarla retroactivamente a casos vigentes — Sheinbaum lo critica en su mañanera por violar el principio constitucional de no retroactividad.",https://www.elfinanciero.com.mx/nacional/2025/10/02/ley-de-amparo-por-que-sheinbaum-pide-corregirla-y-de-que-trata-la-reforma-aprobada-por-el-senado/
e75,reforma-ley-amparo,2025-10-16,Gobernabilidad,6,"Se publica en el Diario Oficial de la Federación el decreto final de reforma a la Ley de Amparo, aprobado dos días antes por la Cámara de Diputados, conservando la orientación del proyecto original de Sheinbaum.",https://kpmg.com/mx/es/tendencias/2025/10/flash-reforma-a-la-ley-de-amparo.html
e76,ley-telecomunicaciones-2025,2025-04-24,Social,6,"Comisiones Unidas del Senado aprueban el dictamen de la nueva Ley Federal de Telecomunicaciones y Radiodifusión; la oposición advierte que permitirá censura estatal, el oficialismo defiende la ""soberanía comunicativa"".",https://www.diariodemexico.com/mi-nacion/en-esto-consiste-la-nueva-ley-federal-de-telecomunicaciones-y-radiodifusion
e77,ley-telecomunicaciones-2025,2025-07-01,Social,7,"La Cámara de Diputados aprueba la ley; el coordinador priísta Rubén Moreira acusa a Morena de pretender un ""régimen de control, vigilancia y censura"" y avanzar hacia un ""Estado autoritario"".",https://www.jornada.com.mx/noticia/2025/07/01/politica/aprueba-san-lazaro-la-nueva-ley-de-telecomunicaciones-y-radiodifusion
e78,ley-telecomunicaciones-2025,2025-07-16,Social,6,"Se publica en el DOF el decreto de la nueva ley, que entra en vigor eliminando el controvertido artículo 109 sobre bloqueo de plataformas digitales, tras las críticas de censura.",https://idconline.mx/corporativo/2025/07/24/nueva-ley-de-telecomunicaciones-y-radiodifusion-claves
e79,ruptura-diplomatica-ecuador,2025-02-03,Relación Bilateral,6,"El presidente ecuatoriano Daniel Noboa anuncia un arancel del 27% a todos los productos mexicanos mientras no se firme un tratado de libre comercio, días después de que Trump impusiera aranceles a México.",https://elporvenir.mx/amp/nacional/mexico-y-ecuador-lejos-de-reanudar-relaciones-diplomaticas/1000953
e80,ruptura-diplomatica-ecuador,2025-04-16,Relación Bilateral,6,"Sheinbaum reitera en su mañanera que México no reanudará relaciones diplomáticas con Ecuador mientras Noboa sea presidente, calificando de ""dudoso"" su triunfo electoral.",https://cnnespanol.cnn.com/2025/04/16/mexico/sheinbaum-relaciones-diplomaticas-mexico-ecuador-noboa-orix
e81,ruptura-diplomatica-ecuador,2026-07-01,Relación Bilateral,5,"Sheinbaum responde con deliberada vaguedad sobre cuándo podrían reanudarse relaciones, señalando que ""tiene que haber varias consideraciones"" y que consultará al canciller sobre el estatus de la demanda ante la CIJ.",https://news.culturacolectiva.com/noticias/mexico/sheinbaum-relaciones-diplomaticas-mexico-ecuador-consideraciones/
e82,huachicol-fiscal,2026-08-27,Seguridad Nacional,5,Obtiene la FGR nueva evidencia sobre implicación de Ruffo Appel en red de huachicol,https://www.jornada.com.mx/2026/08/27/politica/007n1pol?partner=rss,
e83,huachicol-fiscal,2026-08-27,Seguridad Nacional,6,Prevé jueza definir hoy vinculación a proceso de Farías Laguna,https://www.jornada.com.mx/2026/08/27/politica/007n3pol?partner=rss,
e84,auto-6d2f8bfbcb,2026-08-27,Seguridad Nacional,5,Ilán Semo / I: El cártel de los presidentes,https://www.jornada.com.mx/2026/08/27/politica/013a2pol?partner=rss,
e85,rocha-moya-acusacion,2026-08-27,Seguridad Nacional,5,Julio Hernández López: Astillero,https://www.jornada.com.mx/2026/08/27/opinion/008o1pol?partner=rss,
e86,auto-8afa49ef83,2026-08-27,Gobernabilidad,5,La Presidenta no elige a los coordinadores de defensa de la transformación,https://www.jornada.com.mx/2026/08/27/politica/004n3pol?partner=rss,
e87,auto-ccf9b9d9b2,2026-08-27,Relación Bilateral,5,Agentes de la CIA operan en México sin violar la Ley de Seguridad Nacional,https://www.jornada.com.mx/2026/08/27/politica/006n3pol?partner=rss,
e88,auto-27a934f156,2026-08-27,Relación Bilateral,5,Rosa Miriam Elizalde: Ley ridículamente obsoleta,https://www.jornada.com.mx/2026/08/27/politica/013a1pol?partner=rss,
e89,rocha-moya-acusacion,2026-08-27,Seguridad Nacional,6,"Imelda Castro es la aspirante de Morena, PVEM y PT a Sinaloa",https://www.jornada.com.mx/2026/08/27/politica/004n1pol?partner=rss,
e90,auto-cf96ca2a1c,2026-08-27,Gobernabilidad,5,"A horas de reunirse con la Presidenta, padres de los 43 exigen avances en el caso",https://www.jornada.com.mx/2026/08/27/politica/008n2pol?partner=rss,
e91,auto-3daaa17e03,2026-08-27,Gobernabilidad,5,Va Sheinbaum por ley que afronte los nuevos desafíos ambientales,https://www.jornada.com.mx/2026/08/27/politica/003n1pol?partner=rss,
e92,auto-114291c61b,2026-08-27,Gobernabilidad,5,"Aún sin fecha, la reunión entre Sheinbaum y Bachelet",https://www.jornada.com.mx/2026/08/27/politica/006n4pol?partner=rss,
e93,huachicol-fiscal,2026-08-27,Seguridad Nacional,6,"Vinculan a proceso a Fernando ""N"" por caso de huachicol fiscal",https://www.informador.mx/mexico/huachicol-vinculan-a-proceso-a-fernando-farias-laguna-por-caso-de-huachicol-fiscal-20260827-0071.html,
e94,huachicol-fiscal,2026-08-27,Seguridad Nacional,8,Aseguran especies en peligro de extinción tras cateos en Tamaulipas,https://www.informador.mx/mexico/tras-cateos-en-tamaulipas-aseguran-tigres-jaguares-bisontes-y-mas-especies-en-peligro-de-extincion-20260827-0056.html,
e95,rocha-moya-acusacion,2026-08-27,Seguridad Nacional,6,"""Una burla"": Loret señala simulación de Morena en Sinaloa",https://www.informador.mx/mexico/una-burla-loret-de-mola-senala-simulacion-de-morena-ante-la-crisis-en-sinaloa-20260827-0040.html,
e96,auto-dffbe13fbc,2026-08-27,Social,6,Trump exige a México frenar migrantes en la frontera con EU,https://www.informador.mx/mexico/trump-busca-que-mexico-detenga-a-migrantes-en-la-frontera-con-eu-20260827-0104.html,
e97,huachicol-fiscal,2026-08-27,Seguridad Nacional,6,"Vinculan a proceso a Fernando Farías, excontralmirante implicado en “huachicol fiscal” - Grupo Animal",https://news.google.com/rss/articles/CBMiiwFBVV95cUxQWEkxa1hNenZ2Ylp2WVA0eWl0dHQ5V3p5VVdGWTBSSnV4MmlsQ3h1SEwwNEpDWEdCcHJ5bFJ3VmRBVUVfYzlTS0VPQm1hRFJkZFNSMm1VcjZDU2RyS0YzTDhfT0xKYkdzRzMzRUNaWEJzdDZaeVBsMVVXNGlXLUw1SEZkd1NWV04zUmNB?oc=5,
e98,rocha-moya-acusacion,2026-08-27,Seguridad Nacional,7,"MILENIO. . ""Rocha Moya pidió licencia el 1 de mayo y el pasado día 21, sin consulta, regresó al gobierno, lo que provocó otra crisis en el régimen. Tuvo el rechazo de la presidenta Sheinbaum y de todo el movimiento"" ▶️ La opinión de Joaquín López-Dórig - facebook.com",https://news.google.com/rss/articles/CBMi8AFBVV95cUxQUzNYMlhVY0twbV9NOGpDWjJWX2xja3ZyV2FnR1hsVDROVk1fczRtRzVmMDRFQjJpeEg4QXhENVgwYWtKUjlROWRfYjdQVzBCT2E2V2RUN0JsOGtZZF9NR255bUJGU0xoZERXQ2QzdjBXb0tUOVQ0WWtUWV9GQ1puSkM3YWRZd1VYdnlqb2pOT0FtSE9GTzVxTWJMcXNCdkhqRHBnU0F0SVNsUEVFRzdtYThLMjdrbWtBZVE3c3ZrdHBSdERya3hYalNQRmpGZ2ZjUi1nczVoVDRyTG9OaFc5bEVmbGlvem1NMDd6V2RrVlY?oc=5,
e99,huachicol-fiscal,2026-08-27,Seguridad Nacional,8,"Juez ordena proceso penal a Farías Laguna, acusado de huachicol fiscal - Forbes México",https://news.google.com/rss/articles/CBMilwFBVV95cUxQdk1rZXZSQ0p1LW9sOHFCT19pS3BzZjJSRl8xdF9sSEdzVEJ5LWc2VW5EeUZVa2E4RG9RUVYtUWpmcVZLUnJfd1hER0hWV0xPZGxSc1BteFZscUo0ekpkSmd4eWwzZF9rcGFvQVBwdHpZdWxEZmlzeEcyNWpQbjVQU094STBQWFdpVzFrcEVLTkdMdnBfRmVV?oc=5,
e100,auto-943829654c,2026-08-27,Social,6,Sheinbaum dice que lineamientos para audiencias son un avance; reitera que no se busca la censura - El Sol de México,https://news.google.com/rss/articles/CBMi3gFBVV95cUxONFdFS01UVW9nc3VwZzJBVEtRSHdNamVfQ2RpN2hxOFFDU3JBVUlHWUN6UzFDaEdjSVF5a0FFV1ZOd2tyc19JcWpZWXRfaHlhNUxMODliRWlBOVJTdDNORGVlLXlUcEtTcV9HaWtYQW1ZdXg0OExJeWdIVzJWMUVpRkl4Si16QjdSb1pNckUzM25KRDVWejFwUlF1SXFBalJsc253WjNrbXF6RFk3aXVmR1lkRG9fRkcxMlRHUE05ZFc2Y2lMTWpVUnc4WHlZUVZvaEVSNWZwYWJYdmJHU0E?oc=5,
e101,auto-0523c9c3fc,2026-08-27,Social,6,Sheinbaum exige esclarecer muertes de mexicanos bajo custodia de ICE - Uniradio Informa,https://news.google.com/rss/articles/CBMiqgFBVV95cUxOeWNSbU9QcnNLS1MwQWpsQW5xVzltQVFFNEpBdEVuem5zOTJoZE5qV3UzYWNQSzRYU1poLVZLbFE5XzNwQTZadFpod3RRQlZGaU0zeXU5cmZ0UF9zV2U5UmNGLTI4OEdBd1dTNlRBM3VrRmJaTFJ6MHZULWN0MFJNSVpURVE2cGVidDZaMlRGMDVfdVlEVGUwQ0JjUW9mZVdNUEUzX1BhRGp5QdIBrwFBVV95cUxNdXNOWVJXRWFkdlFPMk9CS05rZGlOZWwxUExHYTdVUFZsNWhYSWs3SndVVWFFQmFvMDhBZ2ROVmRPdk5pUHFDQWU1cGZKZnRURHRYTjAydFllTnM4X3ctV2lfV1hPQTV3ekJXR01ocThxRFVqSWROem1xRmxDUzBtSjNjM24zRjhOMDFrbTNzQlN5UFBpZUF3TWp1QXpEMGlkS0VaZVNiT3NVZnUzUUpJ?oc=5,
e102,auto-0f5255574c,2026-08-27,Social,6,Sostienen Velasco y Rubio reunión bilateral en Washington; abordan seguridad y migración - Contralínea,https://news.google.com/rss/articles/CBMiygFBVV95cUxNU0g5SUdvSGtodE5faTVzSGRudnBCOHdqTUo3aEd6Q0JIMFJmTk92blBYZTNIWHd4U01IMzNLZ05JajJmTEJja0JYdUxZd2s2OVdhYzVCN0EwOUt2NW9RZndUZmJydGg2MS1RV2VoR2lYcGc0bkljdm5QZVFtZmhhWEt2S1k5Y3R4M2FaRkozeVU3eGwtNlRoSnRlb1NFZ0lFWXlUUDBFQXlBR2J6T3F5NVAtNjdHeGJCYnprblV0R1BFZnEzdGU4c3JR?oc=5,
e103,auto-e04af9f959,2026-08-27,Social,6,"""Vamos a ver cómo funciona"", dice Sheinbaum tras aprobación de lineamientos de derechos de las audiencias - El Universal",https://news.google.com/rss/articles/CBMi6wFBVV95cUxQVWZseGc2dlpObzFPSE95b0psMWdyb3MtZFBtQ1pFVVVrQU9lcHlUV3puTjRWeXhTSGc5QkpkdzFGOVFUQXN0YmM1WE5WMGFTcU1DdkI3QUQ5RXdJUVQ5VEFnLXlsZEJoeHFpVTVFRTBVenVlOVphVjZpOUlPcWRLWE1Ya09GaXNLMlQwcHh1bjRrUDktU2tacEp5NXNQODJ4bmdIYVg4U1Z6el9mWXNYY1hpXzlOek5ZcHRDb2ZqS0VwWGhrOHAzYXphZmxfM0VEZ0VnSnpKYnFwcFZpRWRPZHpwVk5WSjNBMk5J?oc=5,
e104,huachicol-fiscal,2026-08-27,Seguridad Nacional,9,Sheinbaum pide justicia en caso de Fernando Farías Laguna - Uniradio Informa,https://news.google.com/rss/articles/CBMiogFBVV95cUxOWHFTY3Zfa1dCdXE4UlFiaVlIS3lqMTdhVm54cHYtajVTR1l4eENiZTk3VlNWUnN6T0dRTzl1T1l0ZDZtZ3RXNmlNNGtFWUtGQjloYTZRWmJfR1Bvb25LRVltRFJFZ0puY3ZYWXNtWWgwUXNvN2xpMGl5anJWQTlyQ1FqN3dhWjlxMWp6YmhWZzJzTTYyeHVkMURvTS1sZ0tpdmfSAacBQVVfeXFMT3JFWDRWX3d2eWVtano1dmZRZkNQWnRTeG16U0tvZS13NVhjRE9XV2xFQkZic3cwc0ZnaUtXY2xIMk11bkIwNEVfSlI2aTZScFU5amMzeGZ3bndaTU8xSTBFaEJtR3BkSno0b0VvTmVFU09SUnFMRlBET2RVYUZEOExpNF92N1ZYSF8wRjN6TWZhbVNTUmNvUXpxQ3RwVS1Ea0tucndWbWs?oc=5,
e105,huachicol-fiscal,2026-08-27,Seguridad Nacional,9,Titulares de Semar presentaron denuncias sobre ‘huachicol’ fiscal del ex contralmirante Fernando Farías: Sheinbaum - La Jornada,https://news.google.com/rss/articles/CBMi-gFBVV95cUxPYTZuOUNyRmp5TzE1T3hNOWhMZnBKVGhHTHBhdzFndXVNQXdndFJWTlU4anN0Vk1jZVVzeHQ3MlRsUVNvd2xQNEhLMEcwN3RDNGJSQVFDWjNpUklaeHNpX2JfNXBUUlgxbXVEZ0lfWE1rY1VFUkpOUUxnX1BUWWRMekM2NWxhbEpCOW1pYWVqUWRKb2p6ZDloTjNVMzNvR3hiMXRWN3ZzZnd4bXNiSWR3dHpqSDRnOW53aUZMaW1QVl9WVHhIREsybGRSYlNWd0VjSjJMdWZHd25Kem41T2JPWlJ6dDNud2xydHotSXpKTndRVzlNU2YwSkd3?oc=5,
e106,huachicol-fiscal,2026-08-27,Seguridad Nacional,9,"“Huachicol fiscal”: Farías tenía una red de contrabando de combustible, afirma Sheinbaum - UnoTV",https://news.google.com/rss/articles/CBMitwFBVV95cUxPVWtDeEMtSXY4UzJNMnhVMi1fak54cFJCek9acWRvRVpYaHJUTWpiV2JaRjBoRTVqbmxhV0VvZjhwRnlVYlRFci13ODRxTjNpV0JTTGpGLVFZY2xFNzZLWUlEWDdOS3JXTnNGUUVDUkFFaG9CeFNpSXZZX24yMTl2d1prWjlzY3JxanJuRVBHUnAyOExjNUJUbG96a1FTbXplM1RlRWJxMTNwc2NvUjcwVnVHR0RJU0E?oc=5,
e107,rocha-moya-acusacion,2026-08-27,Seguridad Nacional,8,Los rochistas que aún no rompen con Rubén Rocha Moya tras la crisis en Sinaloa - El Sol de México,https://news.google.com/rss/articles/CBMixgFBVV95cUxOQWVmdlZmc2dvWjdjUEp2MTU4QzZKeEtpOUVLaXNUTjU2a0xELW5RUTlZQjRUb0o5eW1NOHdIQnM3QnhvNW4wRF9iUEFma21LV3dkZzJTZk1PRnVqbUstbzRZcjdZOUllZkdEWm4wUGdQb1RLSUQ4V0YwQ2QxRUFNYy1RSHNRdDVQRE1mNkU4NXpjZ2lkTEQxOEh0SlJ2b0RKUkl3QlpWWUpRMlpUc21tU0ZBTEo0S1RlOVFPUi0taFc3SEt4dlE?oc=5,
e108,huachicol-fiscal,2026-08-27,Seguridad Nacional,9,"Sheinbaum pide ""justicia"" en el caso del exmilitar acusado de contrabando de combustible - Yahoo",https://news.google.com/rss/articles/CBMijwFBVV95cUxQX0Ztcmc3SHJweXVGNXhQVUlwZm8xUE5LQWs1NlhlUWRuNm5pZlZBLVhFZGp3YUNvS0gyNjJ2RkxfWHlpVVUxYzJQbklLaTE4T2dKMW1tbVdlUXZqYW9lWHBUakZyM29Cb01QOFY0dmsyQ00xRUxrNHhTSTdyN012ZDRnQ0RZdlJnSVF3dFg2WQ?oc=5,
e109,huachicol-fiscal,2026-08-27,Seguridad Nacional,9,"Sheinbaum: Hay una carpeta sólida contra el excontralmirante Fernando ""N"" por huachicol fiscal (nota de Laura Arana en OEM-Informex) - julioastillero.com",https://news.google.com/rss/articles/CBMiuwFBVV95cUxQdVFQVmhQWVFuR085bjhZelRmOHdmMl82WHhsZFEtN2R5aXFYU3hsdmlWU2I5WEtHMjRHV2FwbDd0ZGtmUmhIZkVORWdxbExzdUJSWGhRbjRGb1NLbFk1SDIwNHhFZV9mSWJ2by1ZaHVCMmI0cHdwMGVNVWlobERNb1pNeXF4aFJ3T0dTTlZReFlnVUkxb2NEMVJHVEVfd0RSVDJjMVFSZGx2bEsxZ3BHejZWMVdPb18tWUV3?oc=5,
e110,huachicol-fiscal,2026-08-27,Seguridad Nacional,9,Vinculan a proceso a Farías Laguna por ‘huachicol’ fiscal - López-Dóriga Digital,https://news.google.com/rss/articles/CBMiiAFBVV95cUxPeVZndWEtQjRxRVZjOUtvYTNCNy1UeGpoTmJGb1RPMWN0YUlTN1ctNFd4ZUhBdlhJZERCTWxVMjdKNjdyZzVJcHF4Und0MHZ2RFFMOGJpMjFVdzFYalNQb3gzYV8zTGtLZlJxcUxaamRDLW92SlpLWm1vN3NSMjJTcXlxRmQ4eWVa?oc=5,
e111,huachicol-fiscal,2026-08-27,Seguridad Nacional,9,Ampliará FGR indagatoria por huachicol fiscal contra Ernesto Ruffo: Ernestina Godoy - Parabolica.mx,https://news.google.com/rss/articles/CBMizgFBVV95cUxPdGF2czFsNVdUTVpIUEtHcGUtc0Z3dDUwWTZibW9PT2lRR1VwSmFJWmpxRmFLS0ZYaGMwSlY5dElRdkZuRlBhdjhwU042SzZQTFcwVGxsNDJVZWFTZ2VZLUJrUlo2Y1lHeWR2TkxUSzhNTGh1eEMzRGVaelJkRUlTTTB5MmhNVlZMZmdZNVN6cURWY2FqUWhvYWRrOXBQWFFLbTF3eEozb080SmZOVEZRa1d4OS1tUUJMakNoYUVLUm93MzFRTUx4RmxlQ280Zw?oc=5,
e112,huachicol-fiscal,2026-08-27,Seguridad Nacional,8,Obtiene FGR vinculación a proceso de Fernando Farías Laguna por huachicol fiscal - Parabolica.mx,https://news.google.com/rss/articles/CBMiywFBVV95cUxObUdMM0NHN1VzaWhJZ0FHTnJ6X0ZhazZNUzZiN2c5eGJINm5hcUNESHVDR2xhMUdkczRVbS1iR3hNcEhJRVFGSTU5Rll6S2xjWXZLUHVkeUN1UmxMd3pLVnBqV0xaeDYzaUdoQ1Q0dGRSOV9uOUFzYUVjNHo2eHZRYXMtNENOS0dGVkJrY2lUYXI0LXhpMHNrSW9XRktZOXktSjFMVXBBeUJaYnhLMHllOTN3RHd4c1RrdHRmVC1mQlRscTJKUG8ydGtESQ?oc=5,
e113,huachicol-fiscal,2026-08-27,Seguridad Nacional,9,Sheinbaum pide justicia en caso de Fernando Farías Laguna por huachicol fiscal - El Universal,https://news.google.com/rss/articles/CBMi6wFBVV95cUxPenlMUWxVLWNxQUw3X1J5OXptREVKTWJkOHJrZXdZNS1rZXc3Tk05QUVQWTV3TnFLN0JKNm1rdzM5VW5HSlNkTmlzY0I4el9fT3pWX1FQc0pUdG5mYXZDenVBMkE1X0Vqclg3VVRfaGpMMDdCT0dBcnRURWdHS1JwY3dfTzcxMFhKLVEzZlVmM3N1U3VDcXk1MFRoZU1KNXgyZlh1eWNPaTdZY2tXYkxVaGk2enZGSFlFUHBnR0Q3aTZGWGhYN2FHM2lHWVZlQXFNbnR1WHlxWFl3clBiSy12LWNnaHlYLWJSOFpB0gH_AUFVX3lxTFB3bUJuWHlHZmdQbWl0SHBLQzBQRVZ1WGpTdXMwdi0wTzhhM0l4TEZ5SUdfY3VzYjVkemN2NmtsNHQ0WXB6OHBZTjhJaVptOFdYVW9DMThxd0x3eF9hMVNMSjBZdklmZ2xCZXB5ZFR3c3VtRWZvOUhfcEJBM0VTc1FMckprTzhUMzFsa29mSW9BU1ltYVlPc0ZRSnkxUVdfNUlSV09sYzdGNEgyY0gzR1BfejNOWmM2bXRMMnQ3UWI3Vk5vRThrbUJ2VU0ybXlVcjZkb3BSS3h4ckUyNjBDa1k1X09kZjVOQll3SXNJWlh3OTdEOFcwNGdRWEVqc3l1OA?oc=5,
e114,huachicol-fiscal,2026-08-27,Seguridad Nacional,8,Vinculan a proceso a Fernando Farías Laguna por presunta red de huachicol fiscal - Nación321,https://news.google.com/rss/articles/CBMixwFBVV95cUxOTm9ickRGR3d4ZUtnTVlucFJuU1A2YllyNnozYzJCU1JyWEZVa0dTVkxTUE91QmZtVVJVQnh2UmZJeDI0SHhuaFd3YXk2R3dGRm5YM3dGWVF3di1sal9tRjdIMGhGMS1oVlJnNThoNXRfZ3QyXzhZZnl4OUlzcjhxbTJmZEIwbkw0bXRIZWtGMzBNZWF0cEVOV0pNd0NjelVUTzZMQ3IxVkRYc3dKX0RGNmpXRXRRYTB3UnpSUVdjZ0NnV1NpZVdZ?oc=5,
e115,huachicol-fiscal,2026-08-27,Seguridad Nacional,8,Exalmirante Fernando ‘N’ se queda recluido en El Altiplano: Es vinculado a proceso por huachicol fiscal - El Financiero,https://news.google.com/rss/articles/CBMi6AFBVV95cUxOdmtfNHRLMFY5VEJ1SzMwOVEtTXpTN2FGNmMwZGxxbEZhbkpucGo1dWxUREVuQ0FJcmlVczdObjROZTBTM09KbWR4MnVCMzFxcFpScUV2eDVkdi1sNE1fNUJkc3RsNlVrOXlBcEFoakI0MUtyVjdQMnNObVVCMDBQTGNYaHktRnc4aXlNOHB3bElfR1F1bWtDRXRZdGNkOVZpVV9VYWpMU1M4ZUVTZFZRNWE2RlZkMklubmlOZ040Xzhob05kQmYyMUc2R2UzX09lcnVyZVRKTkM2Uk04WTRHaTB6UGdPOGkt?oc=5,
e116,auto-9ffca0594c,2026-08-27,Social,6,¿Es día de descanso obligatorio el 1 de septiembre por el Informe Presidencial de Claudia Sheinbaum? Esto dice la ley - Infobae,https://news.google.com/rss/articles/CBMi7wFBVV95cUxOTUp2SVY0Zi1xRmdsd0RJdTFiZWpRTFdYc3gzTTJ4LXZMbklhMjJfeWVwUzhHZmYxSWQzcTc4SktjQWRDMkg3eERTS0Rrcll5Q253VEpvZWZ0dDlXOWdtZm9xbzFQSHZrUkFmdWtURmxwMzlCXzFYZXlobEtSTE1tbnpFVWhzeTJ2Y1lJWXJiRFpGUWs2eDQ0akFOSlhvcDVmVTlmd0IwZGp5VXFzZUNXVzJDRWFLZ01mWnotNUwwdW5DRmhnTVhtZUZ3S1I5aGFvV2paOFZ6VFdIckNSc1NVWjNXQlBXc193NGF3UlBKa9IBigJBVV95cUxPZ1ozYXhNb01OVTNwMlVpNzB6a3lDWHVxb2pRVmFGZnlMQjRKLVVDTTJTWXJSUVNxSlBZQVNFcUdMUU13NVlFek10Qk4zZWZmLVpHNkZkSE5sMzlMUWIzTGFpYVZydTZNVF9TcVpMWVhVUUduR1UyTndyOVVrVEs4NU9rNVR2djIxSzVta1ZOeVowel9fVExjUXlzdk56el9oRkFmSDdQUktJVHc4UTdGSlJMNlFpZG1GV2x0TmRlQ29IbmdNRlhkanN3N3ZrNW1paXRLR2N4RE1Xc0kwOXFEb3NZYXVjNThVc0dyTUltNzN6aGRZbl90bE12VkU0SEJXOThZZVJ3LU1pZw?oc=5,
e117,huachicol-fiscal,2026-08-27,Seguridad Nacional,8,Fernando 'N' es vinculado a proceso por huachicol fiscal - Aristegui Noticias,https://news.google.com/rss/articles/CBMingFBVV95cUxPd1YyX2FPU1NZTjBIZDVCa3Y3eFNZczhvQTVySkV4bnhzOTRiaGMwQUdCeExLLVZ2REcyWjUzVHhjbTBUbldwY3FHandXalBMWURxQW5Cd0RUNGc3Sms1MEVJZ2xwMTZYeXZtRWo4X0NCMmRlWGxuN1lGcmJMbFE0b190V0VINmVEQUR1b2Q1ckZDc2xSVm1yR2FCVGJEdw?oc=5,
e118,huachicol-fiscal,2026-08-27,Seguridad Nacional,8,Vinculan a proceso a Fernando “N” por caso de huachicol fiscal - SPR Informa,https://news.google.com/rss/articles/CBMimgFBVV95cUxOVXhtNTNHdlRtcmJzSFpEV1ZQY2VCa2JHZWk4RnhFZGtSZnBnRE9wekRNUUd0M01DX21EcGNfVDQxMkZfOTMxX185cXVNVU91OERJNkZVYXZpdVE1ZThGVURmRTRLQnVMbkpua1RPT0tCcjNhTkRCNktNTEY1S0U4WHJJRkxNZkFzZ3FlcHdacVJ6SUd5aVA4Y3hR?oc=5,
e119,auto-e7a0295661,2026-08-27,Social,6,Sheinbaum: canciller Velasco exigió a EU esclarecer muertes de mexicanos bajo custodia del ICE - La Jornada,https://news.google.com/rss/articles/CBMi4gFBVV95cUxQQnVyclp3QnpoRTRHOHhEekhoeVpEQnM0dk9qeThGd19aYUFnYV90cDdSR0pyemtMZUd3X3ZUckVoNUdMY3hZSXBxQUdrblhWQ1JHeWRoVmp1LV9xdjRsdHBva1g2SU1UX2hLVUdLYVY3cWpqMm0ycDN1SHBZczJwYnIyQkhRVVBXRTBtWHFKUFQtNmdINUdVSXE4OUtuN01UR2VYWHI0M185TGx6LTZxVEl4QlNxbVF1SkdzbWtqNER1SmNPOHdMVEl6Um8xaWVmX0I3b1BiOEVJaHNfQ2FSand3?oc=5,
e120,huachicol-fiscal,2026-08-27,Seguridad Nacional,9,"Esperamos justicia en el caso contra Fernando Farías Laguna, dice Sheinbaum: “Hay una carpeta de investigación muy sólida” - Infobae",https://news.google.com/rss/articles/CBMi8wFBVV95cUxPMEdhZ19lYUhkUEtuN1RXQVpqdWUwTThURlBORm43c3YyNVZyN1plZER6cW1jZzdyQWY3M09pLUJOeExra2NoVmR4U3FwajRrbXlWNlFhQjdNYVZweGhBTGMzQzJ2MVZIRGYxOWpnanByMkxhLURSMmNZenQzUU5CUFZDTE1oVEtpeEp5dFBDbVhZSVFmd0NSNzA3R3QxaFdOank1VlJEc0lXLVVaeUdlVFNLcnB2TmI5QWNodjB5eWdKNkZvdUsyVWo0X3E4Y29yUU5OMEF6dW56Tm5RTmZxa3Y5YmdCdzhyNEVNZlRkU3JqWU3SAY4CQVVfeXFMT0ktblVEWE8ySGZCX2M0NVptWjZEbjJqaFh1aktNWExudkc0WjFaQXZmY2dFblJKSkFTNllnSzJiNTlrM1NNSjdHVWRqRFNJYjNWVFlwLXA1WEE2R0VCV21ZUjUtVWctNVdRUmV2VHVOU0MzZnlhWHpXbThIckowMjJtQmljWUFRVVNxZFRENFdJWHdCX2RManMwbXhOdHF0WFVjVC1fM3hNc3A2QXFvZkRtSzBHZzVtWWk0elNHV2N2blZDV1k4dFMtQmlVWEdZTUZqd0R4ZlRuTlF6VWdaVE5xa19iSUZJZWFPcnQ4SENzSWtoRlpQWHdSQjZCQUNRZkJLOE5rS0tMNWc5aUd3?oc=5,
e121,huachicol-fiscal,2026-08-27,Seguridad Nacional,9,"Sheinbaum pide ""justicia"" en el Caso Farías Laguna - López-Dóriga Digital",https://news.google.com/rss/articles/CBMiggFBVV95cUxNLV9BMUlYNXVGX0c0YVF6UmtJekdwVnVrZU1YdWRWQkhJc3pySnhZQ1FTMFdXUUtFNnVnN2tWVnV1aVRsdEVMam9TWlJnNjNFWjVyT2laTUpPSTRoWlctNWN5RngyREpBdFQ0THJFVWJRclJZQTJMVmxzQjZ0VHZCQ2ZB?oc=5,
e122,auto-ce2d9aaae4,2026-08-27,Social,6,"""No queremos ejercer la censura contra medios"", dice Sheinbaum tras aprobación de los lineamientos sobre el derecho de las audiencias - LatinUS",https://news.google.com/rss/articles/CBMiigJBVV95cUxNcE9uaUhMMEFXeUNXbnBFTnplU0F4aUEySFV0UHNoYlE1S0Nocm9tU3lINzRiUkRxTE1uck52eWtESnFHa1h6Y2tweDNPb0VnZ2hNYkVNMy1jMGNxV3dzakpGV1ZUMlRla0xhNVlmMXJFelBUUmhtTG5rSXU5NHpmQ1ZfTWlNRG84UkFmNV9TY0gtQ1BsVFRjYWtXcW5xTHMzaEFSNFV5SzZOSnl4NGVubXpMUmc5MGlsWW1xTUNhbGQ3TjJKdGZFU25WbEZVczkycDVVcklhYXlpU3VhZ3dVUVRlSU5fY19vWWJfVFVnOFZieUdOY3F6czd1TEZraHgycTVpblhWZmk3d9IBigJBVV95cUxNcE9uaUhMMEFXeUNXbnBFTnplU0F4aUEySFV0UHNoYlE1S0Nocm9tU3lINzRiUkRxTE1uck52eWtESnFHa1h6Y2tweDNPb0VnZ2hNYkVNMy1jMGNxV3dzakpGV1ZUMlRla0xhNVlmMXJFelBUUmhtTG5rSXU5NHpmQ1ZfTWlNRG84UkFmNV9TY0gtQ1BsVFRjYWtXcW5xTHMzaEFSNFV5SzZOSnl4NGVubXpMUmc5MGlsWW1xTUNhbGQ3TjJKdGZFU25WbEZVczkycDVVcklhYXlpU3VhZ3dVUVRlSU5fY19vWWJfVFVnOFZieUdOY3F6czd1TEZraHgycTVpblhWZmk3dw?oc=5,
e123,huachicol-fiscal,2026-08-27,Seguridad Nacional,8,Vinculan a proceso al exmarino Fernando Farías Laguna por huachicol fiscal - Ambas Manos,https://news.google.com/rss/articles/CBMiuAFBVV95cUxOYU91MkNhMEYxNUN3dzdvM2E5dUoxOVFMd2lXUzVFOWc4NjF6aEFEMVl3d2N4dlF1OTE2ZXMzcHEyVm5LYURYcHBlNmx3R2hxVlo5emxocmpXTjY0ZVdjMm9BS3JWVFAzVVNRMHBNOE9FTHVRTnVneTU5NFpMWXA2UTAzNjl3Q2MzRC1sQW1PcVZybTRPTG0wVmd4cTRSdk5waV9vS1FNR0ZNSERUX0RkdzJaZ2lyNnJZ?oc=5,
e124,huachicol-fiscal,2026-08-27,Seguridad Nacional,9,Pide Sheinbaum que se haga justicia en caso de Farías - El Sur Acapulco suracapulco I Noticias Acapulco Guerrero,https://news.google.com/rss/articles/CBMigwFBVV95cUxQVThFaTVERGJTc3R6YVEwOFNtbEJ0ajBKcXNaS0R4SWJmSllSYkFsWFRqWFBrdktyendKd09QekFvd2xnSGFoUVdlbXFQcDhRVmVjTkliSzVqTFNBOVhRUWdOaXUxWTlZWWtub1dFX0xmek1rcmRqcE5wczlSQUlZN2JESQ?oc=5,
e125,huachicol-fiscal,2026-08-27,Seguridad Nacional,9,"Sheinbaum confía en que habrá justicia por el caso de Fernando Farías, señalado por huachicol fiscal - El Heraldo de México",https://news.google.com/rss/articles/CBMi8wFBVV95cUxNOV9feWgwVE9Sdl91RS1aNk9nZ183V1BmakxsMEY4aXFhTmkxUWdXYzg5YmFlT192dzMzQmFfclhUam90clo4bGJhR2dvZ1JITVkyNHZXTFY4dGhIR3JyaGNnT0NsWkk4TzVuYVQ2LWZTeFd5anM3RmVZTXFJTzBUc3NhdnNSYmcwZDd3UGxBRTNQZ180Z3Z1YTJwazR6cVpza1NXQ3VBT2ltTFdHUVUzNktFQlZyekJ5SnZFRnA4aVhmUUFrcHI2R0E4eXBRcTExeGJoTk9pWW1Kend0ZG05Ml9oV0lfejVSTW8wVHppb3ZIQ2s?oc=5,
e126,huachicol-fiscal,2026-08-27,Seguridad Nacional,9,"Sheinbaum confía en que habrá justicia en el caso de Farías Laguna por ""huachicol fiscal"" - XEVT",https://news.google.com/rss/articles/CBMiwgFBVV95cUxNMUIzUTNIRkIyU2xlb05IblFzdGdPZElkbFFqZzNGMjlnS0tnQ3d6YTlYenpvZDRZTmwwSEhSdXZFQ1B6QVRVWkxkZkk5ODRJWHVYdTBOWDF3czVRVWZ4RVBMeGdzRG9mc0ttc3FtelczcUNtcndFVzBtUDhtYlluREtndUEyR2lwUm83VDVpZ3gtcm16eWp3NnBHOFZfbXduRlRyaFlkdF81Nm0zelhwcjVpQmVCZExBTkJ2ZW9ZMGZaZw?oc=5,
e127,auto-512f31a7bc,2026-08-27,Social,6,Sheinbaum instruye a Cancillería exigir a EE. UU. esclarecer muertes de migrantes y evitar la repetición de los casos - XEVT,https://news.google.com/rss/articles/CBMi5wFBVV95cUxOOUxFY0NnM3drWVhHa0FhTkhvaGcxaU9meVBzM0RjNWM4VXFGMTZqaVd0YWJDNVVLSDBXS1pDU0JWWWFYSkVGSnVWZWJncFhvNUVmYWkwSnJjZ2FjX2c5clp1dk0tMFhVMVo2VHl5Y290anA4RmpaYl9GdzZWUnpuXy1zYndsRDBhb0I5d3dXdEFYZy10Q0lsSXVpQ1lqZVlvVVNZRUpGYTllcUdGQ2pxbUU0LTRteWJiZzRQZUdodU96Z2FRZE5LMFRvaWVVS0xwLVoyaWF6VlU1MEl6ODc2ZVp2Umh6ZGs?oc=5,
e128,auto-082d184020,2026-08-27,Social,6,Sancionar a medios raya en la censura: dice Sheinbaum en la Mañanera - El Heraldo de México,https://news.google.com/rss/articles/CBMixgFBVV95cUxOeG1BYm1RSEJTXzVQTlpyemtMc1JiQUpfTzg5eHpmZXEzMkxjZ3otZ0RLU1U3QlkyQUN4X05OWlZJTVg5di1kWGtUencwVzFIdHF5YmVWNmVfS2Z4bEZBY0l0cnZDaHpDeTlGODgwUEN0NldlbDFESnpYOU0wWmVxUXJrVkxSQUVUeXN5M2JIVFplZ2tHaGZZUG41aHdwSkJBcUZBRmxiX2FRcDBaVTZ1T1hTX0JvbnRXcjNQSXhwS0J6c3lyV3c?oc=5,
e129,huachicol-fiscal,2026-08-27,Seguridad Nacional,8,"Fernando Farías, ex almirante de la Armada, enfrenta proceso por presunto huachicol fiscal - Diario 24 Horas Quintana Roo",https://news.google.com/rss/articles/CBMiekFVX3lxTFBvWDM4elV0bE96bkNXVEg0T3lFYldxT0hqcFFnclhFY2k4LXg5eUNHejhocFFmOEdmZGtfX3BzSnhrakRMdW5fNEx5UmtZVVpnWUVEYzFUZ05FQ2xJQ0l4NjR5MUhVc3Z6YVdwWUJ6blVNVmFwR20xMmlR?oc=5,
e130,huachicol-fiscal,2026-08-27,Seguridad Nacional,8,Vinculan a proceso a Fernando Farías por delitos de huachicol fiscal - El Universal,https://news.google.com/rss/articles/CBMizAFBVV95cUxQcWRBaXl0a2MwRVlOalNlUnJYYXI0MHNQY0JHMGs5VUtBTUd4TFA0NHFLT3UyYzV4TmRvYy1sTUdmXzdVbEpnU1hQN1NZa3ZxTkxsbVkzTVJEWVNuem9GQkxhREphaWdVbERkTEhQWlp5SjlUc0dSOUQxTFRlTHZfNElobGRPT0E0THlpTmlKRmxFcGprU01FYThOaFJnUTlVMXJRaEdHZzQ3dnB5MGItTU1KZXNza3k3ZUYtdGdTZHI4aUU3d2tWOFFUaHrSAeABQVVfeXFMTlY5VGswNHB0RDMxc3FFSjRHM0hqQ1JULTZ3Sl90b1h4WXA0SXppb3dkMlJpdGdxMUpub3dfMWpOanJRc0E4QWhWaXluR1BaNU9TU0ZJamFnejcwbUFwa2lKRzk4cUxPRFRqbHdEVk1mVjMxTUwwQTJDdllOck5wTWVqVmNIYTJLeUM2RjRrRDQzajNtb2txV3o0aFZ1TGp1cjJIWUl6cWZneDRja1I2WGEzb096MXFuNmRFQVo4RHNXNGZXY2JKd2FITXFuS0FDRHl1VlhDY1p1RExMTWJLVlo?oc=5,
e131,huachicol-fiscal,2026-08-27,Seguridad Nacional,9,Sheinbaum: Hay una carpeta sólida contra el excontralmirante Fernando N por huachicol fiscal - El Sol de México,https://news.google.com/rss/articles/CBMi1wFBVV95cUxPMFRYTFRmanBtTzdZTmxSQnFmcThBVkp1RC1oOGpxRWNpWmlabEdsWFJRbVNjMXgtNXM1cjlRRDBvalIxemIxTzlIUGY1SjdaX3lXTExuSUdOc3Y5bnhkZmlKTW13THVVbE1RNFNxUS1XTEl2YVRrOHRoOXpBR1pZTGlDWDdYQlQ4bTh6dnhuRjJyb2RGUWFOWWJjSEl3ekpmcnczUk1EVWFPWmlXYVJMUHZOdG1VZmZDRUhSODBIeEpJcjVmbGpQWUgyYW1PU2Mwcjc2UFFRYw?oc=5,
e132,huachicol-fiscal,2026-08-27,Seguridad Nacional,6,Esposa del exalmirante Fernando ‘N’ dice que denunció huachicol fiscal ante Rafael Ojeda: ‘Tengo pruebas’ - El Financiero,https://news.google.com/rss/articles/CBMi6AFBVV95cUxOb1Y4dWZyMHMxWHd0UUkwdlFqS3hqN1hEMHJ5djV3alpkWWM5RWJJX01QYWwwcFpsY0ZCOHYweEFLY3pfbW1IeE5rZF9EeV9lVXlEa1JDWXIybjNhLXZxeWZxQUx6VHA3Sk1jeWxkTEdHckNiRXV1RVdJUm1mNTFfUVJZalpGU0IwN2NSZnFtVjRLRHAwNFdTbFRQR25vZVM0QzVzNERsakhaWDRKakZCaTVyVlpYZ2Ffcl9WSHJwSnJHaVBvTnJVTlFOaUlyMkhXYnlEeEkyZ21ZNFQ5eEpBSXRCVWxZZ1Uw?oc=5,
e133,auto-73a402a099,2026-08-27,Relación Bilateral,5,Trump presiona a Sheinbaum para que México frene más cruces migratorios - La Jornada,https://news.google.com/rss/articles/CBMiwAFBVV95cUxOSHNwYkp0Zk9hZC1JeEZlUXZEOVBYUXlRdlhuQllEWHAwcm9UMnFxWU9xci03R1pxM3IxTm9aZUFWeUlLZmlOWW43NEdEREZONEhzeGllNl9lRDRfTGRLOFpVM0tqaXJaVVhjQ215d29VMU5VSzhyREo1ZDlaaGluaHlHVXNxckZYUi1STzFEQ0FIQU9xOEFJMDNIYkdxVFBEU3o1Mlo2MFp6NzAxUkgxcWVoNGcwV1oxNlowZm5vejk?oc=5,
e134,rocha-moya-acusacion,2026-08-27,Seguridad Nacional,6,SHORT: ¿Por qué Rocha Moya y Melesio Cuén se convirtieron en enemigos? - Yahoo,https://news.google.com/rss/articles/CBMiigFBVV95cUxQM09nNjBjb2FUX3A0OUtMRmNqaDliWF9XV05vdUdCeTd4NUJQekZvZVBmMUFic1hhLWl0UWI5eUJWb2pmRXppbWxZVVUzaUstcnhWOF9UREF5ZnBIcVNXb01lNXl6TFZtdm85MXRiOGE4cF8tN0J0Qmt4c1ZvSWVvVzRxR1c5Y2xXN3c?oc=5,
e135,huachicol-fiscal,2026-08-27,Seguridad Nacional,9,"Sheinbaum afirma que investigación contra Farías Laguna por huachicol fiscal es muy sólida: ""Hay suficientes d - MILENIO",https://news.google.com/rss/articles/CBMilwFBVV95cUxOSTFQVTA1c2xLM0RXZ2Ewb0JwMThlRmFwVlc1RktvTFYyX2lXTmo4UUJqcWFOcV8tQlpKNGxXTWd0QTFscnNrenVlNTZTLTM3b2Q1cUR5ME5PdTJHQS1MUkZtU1F1OHUzaVF5dzEwckplbmRTNGF1ZTYwdGN4T1hmWHFkTG82T1ljYlZwQnV4anhyekhhMkZv0gGXAUFVX3lxTFAwVVhNeXVoM2NQS29ib3FrY0xzcDVpcFppOHJFZHpDTTZPSTVYSzA5bGNMZ3M2dzltcUZLczlBcFF4NVZpQlF1VFhGc0I3djRxVTlPekxKUTBFUGJDenZYOWxINlZFVjcyck9YMktJQ05zNUZrSC04NGhXTHdjdXRyRG1DSkFfNmNKeEhKVjFCWHZXall4bkE?oc=5,
e136,huachicol-fiscal,2026-08-27,Seguridad Nacional,9,Sheinbaum pide “justicia” en el caso de Fernando Farías Laguna y asegura que la FGR tiene una carpeta “muy sólida” por huachicol fiscal - El Imparcial,https://news.google.com/rss/articles/CBMiigJBVV95cUxNTXh2d3ROVWdVamRyN2tRc0M2UF83bDRhcG4yMEhzbnFxeGtYXzRTOTVCdWFyZmR1S2R1YjdNM21UMFNXWUhmRGNVQ2h2OGVWYWxfVWp2eVVRYjg5UER2cklNUFFTbVRVLVRzT0ROelVRXzMwdzcxTzhXTHRwSmpoRm85TkJZUGRaZ3NVbEtGTC14TmdITkFqRmhLWEtFUUstbl9XVS05RGxmUlkyN0ZkQ1RDcm40VTFtWGZGVVBZOTJNVEJBX2oycmxDLUlvWVdEdHRsZzUwMFVrNDQtVk5NalNqMzNrOUFCNWJyTHI5TGF3VjFzd1VLUzZrWTRWck9ZRE1aSWFucHlxUdIBpAJBVV95cUxOTFZtMEljZU1FRDVFX212bWpFRDlCMkxhVDh4T3hhajNVd3FkMXMxTS1Ed3JFeWZuZ3ByTVhFdDhyc0xUT2JCYWpEQURzMzNkck9jaFI2Q1F0UkJ5c09UdTZvZGc4UGV4dFNqSWZZS2d6aXhGUnZiNDIxRno4bHY0VUxJNDJXWmJzd3JuMDA4UUV2WENUSFZkUTJ3aVdZSWkzQ1VsdWNaRldmR2FwMzlNZTFBaDJpZmFqeG9iYjRjd2w1Q1IxR0tacjBZN3FLYnZVWi00WDZVUmNlajAtbWR4VTl5RWdCNFQ0bi1sZWhkbnhfMllXTXlfX0I2ZWNPQkd0SXZSOHdyWG1yc1l6Z0VzT1ZhOGRIRjhUV29OaUVia3E3RmpR?oc=5,
e137,tmec-revision,2026-08-27,Economía,4,La mayor refinación minera aumentará el comercio libre de aranceles en el T-MEC - El Economista,https://news.google.com/rss/articles/CBMixAFBVV95cUxPRVZJSkdRcEMtYXpEb3Rnb3BPQ0g1ekFQdmtwQjRGSWdKNkdEMXV5c3ZpTVZ1c2kwUnI1enQtdWpGV2J5ZUtQTmo4SDNhTlJkbUpXaURTTV9taWxMQWc5eW0ya05fbGNIOEc5WjRDbUYtbzFGa1N0SXJ1S2NVQm1aWDNIOWtteUxvZ0g3UkFhSVV3NGgzdVE4dnVsVzRVclU2RWRLWlRldlN6S3hobVFJOElYaktZaUFPdG8xX3o3eTJYQ2xB0gHKAUFVX3lxTE5nSkg5OHRwZXNUeUxIYl8yNndqWGdOTVhfOXItcVVXUExfUGdHRTlDN3FxbEgxMU0zMllOd1VfQl9WM0M0Q1FmQzI2RjZCOHgtdy1HbGVkbjBZM3RUdkM5RFpzYWJkZDRiaFJXQ21yelhRcHZKbGx6alZRYzJyNUxWajNsLUJfVTA5aEt1SEFVUmwtRDNBaUZKdlN5bE81TUdNTUlWcUV1SHo0Um9xYXV1cUxhelBJSXJQRnEzd3Yxd2hmR0VzMjg4MHc?oc=5,
e138,auto-49dbbb35fa,2026-08-27,Social,6,"Trump presiona a Sheinbaum para frenar a migrantes mexicanos antes de que crucen a EEUU, reporta Bloomberg - Infobae",https://news.google.com/rss/articles/CBMi4gFBVV95cUxPWG1MVnNLWEZscXdhSmZBeE03MkVoNWI2RnliSmpWNDMtWWFmc3JvZkdiWTJKRndpUVZucko0bVpOQm51Vll1cXJCSEZvSVJqNmVEdUF0MzlxeGM3UVg1WjFQRzQ4TTNDRUY3aGcxb3puc0VKckxZUHF5aGxvR3E2V2xhVWZLcFl0d3VRcDJvNXdmMm1Sb0hSVXNSQWtNRUhvankwMUN4OUV4ak5kUHhzaGJ0OWJjZnRGakgtQkFsRGxJUnJKRWF3Ml9LY3VGOU01RThobFVybG5YUHgwckZscTFn0gH8AUFVX3lxTE40NnBUN2NGZ3FROGx1b0hiMVdzV19QY1hyVC12aUdUM090ckNOY1UwM3BNWU1jSktiQlRvZWd3dHJCVkhWU2ctNG5QR1N5WEV3TC00QnNzTEh2elhTQlpoRjlFelJ5NDJDaDExU0ZyVHotdUhJc0NTeDNpVGFYenRNdDcxdWUyN25yTGxhblNvZWt0RDlvZ1U2SjNVRVhzOHVyQU9JRVRJclE2TGsxeVQweXU0Q1FUTHpQQkVaSFBGUUhKU2NNTjdteGlsbmZyUkNvVWl1Z2RoYkFUOVB1TGdNZWZRWkJWQWFkNzBFUHZBMk5vXzhvZG5BTEpMTA?oc=5,
e139,auto-e04af9f959,2026-08-27,Social,6,"""Vamos a ver cómo funciona"", dice Sheinbaum tras aprobación de lineamientos de derechos de las audiencias - El Universal",https://news.google.com/rss/articles/CBMi_wFBVV95cUxQN1JqV09GYkdRYVpZcHlwMEU2dmFJbWdlOW1yc0hUTWV4Nk1QaEVGUFl2TDlEODRzOF80d19iYTRMc3hiSWFHZm9CVlZVb2ZhV2dLNjhPZGFVZVAtcHNkcVdXVFI4dFNxZWF3cU0wdEFMZkZ6WlFKb0dXZWRJeFg3Wll5VFpJNGdhWGlsVWJURDFjWUUyOGJWR0xEc3I2QVoxVGNKSk5Cb2FJQmtjVDg5d3BJY1hpUmZuaTg3RjBPQ1I5Mk1KUFhrNU9pWFhBN1R6elE4MjRXUEJyX3p4Ulh6UmtJd2M1Tks1QmdqcjdyZ2dpenNKSlF4eDVDbFBjYlHSAf8BQVVfeXFMUDdSaldPRmJHUWFaWXB5cDBFNnZhSW1nZTltcnNIVE1leDZNUGhFRlBZdkw5RDg0czhfNHdfYmE0THN4YklhR2ZvQlZWVW9mYVdnSzY4T2RhVWVQLXBzZHFXV1RSOHRTcWVhd3FNMHRBTGZGelpRSm9HV2VkSXhYN1pZeVRaSTRnYVhpbFViVEQxY1lFMjhiVkdMRHNyNkFaMVRjSkpOQm9hSUJrY1Q4OXdwSWNYaVJmbmk4N0YwT0NSOTJNSlBYazVPaVhYQTdUenpRODI0V1BCcl96eFJYelJrSXdjNU5LNUJnanI3cmdnaXpzSkpReHg1Q2xQY2JR?oc=5,
e140,auto-ac6ab974e0,2026-08-27,Social,6,Sheinbaum instruye a Velasco insistir ante Rubio por muertes de mexicanos en EU en manos del ICE - La Crónica de Hoy,https://news.google.com/rss/articles/CBMi3AFBVV95cUxOUHRXZUhJclkzY083NE5oXzI4NlFmOXJrWElMaG9OcjRyY0ptcnU3TDJxSTVuTTZZcTRVTU1Ebm9SbDROVmJoeGFVZTFsbjdXVG1vUVNwSWVIazFKVGdlVUxXLURJcktGNWo0eWN0VXZHNUtuTEdFV2hsZTM1dWVqYkNkeVhwYlp6cjYtYko2NjN5SjNUMFI1TUgzODc0SXJRdUtoczMxWDZjQjFPNFRYODhCcnBUZWpoS0pFaGQ5R3MzS2E4eGhjT21rMFBqaUMxVVBuWWZRNXJCWmRw?oc=5,
e141,auto-261e0e6f94,2026-08-27,Relación Bilateral,5,Trump y Marco Rubio vuelven a presionar a Sheinbaum con un pedido inflexible… - Revista Fortuna,https://news.google.com/rss/articles/CBMiugFBVV95cUxNMkZ5SGNXbG84MzRjV3hOb0gzVXB2WDgwUnVUZEVfMC05TFp6RXktUGpHUU9sTVo3Nm5lQktKMlRwc2NHUmJfcjh0ZEZjNFhMNTBDanB1YlJiVzl6bzFwRXJNRHlrUlFZN2U0NVlXOWw4ZVA0eGQ2RUFVMTI3QTBIVE03YkRfb1ZOb1Q0MEFzck5nWVZNblFEMHJOMmNFV1Y4MS14Nzh5Wkt1VkpwOHpiTHA1VHJpbnU0Mnc?oc=5,
e142,huachicol-fiscal,2026-08-27,Seguridad Nacional,8,"Vinculan a proceso a Fernando Farías Laguna, investigado por huachicol fiscal - UnoTV",https://news.google.com/rss/articles/CBMivgFBVV95cUxOWUZkRWJJV2V5LVBxLWVXcmNBMGRCSlYwZTcyQnVzeUFzMkhCX0V3Mmk5X3E3NG5jSWU4OGtITHJHbVVzRzF1NUlldnZGVmZCVFhmUlQyOVRZdm4wNk91SGhmcUN3bnlkU1VEM0ljWFJSOHFhSW9tX1Niak5oQmMtYU8zTGFBblpSV1NzeXM5X1ZjYzVJU0FCczRsalJmZENIZll4Tmp6dnRzZkdTdWw2QkVDVVpFd1B5THdhbThB?oc=5,
e143,auto-1821880555,2026-08-27,Social,6,Trump presiona a Sheinbaum para que detenga migrantes en la frontera con EE.UU. - Bloomberg Línea,https://news.google.com/rss/articles/CBMiywFBVV95cUxQNnJib3QwLVB0Tlp6dHQwM2lFOC1WTWhiM0Uza0dsTUc0WExUdFJGTHRndUplQ3hFUFhJaldkWjJ3UWhOWDBTM2NPSW9GZTd6MklUNjJPaWwxRGIwN1B1YUZoSDZJNUdBWmxJYWFid2Rkcno2VGttb3NpbDFhUWE5SFp2MEZxLUE5VU5XRS1qQVJKOTAzQkhHeDVxZWFyT19NdzlnU3FWYWFxVFJGUVZSNE5ZbFRqVm8ybEQwWTlTLU4wSDdsQkI5czNaTdIB3wFBVV95cUxNMkh2YmVNcGFrWDh2UHZKRDRzdG42Qk5PX0hUSTY5b3N5SDNHYXc0Tk9vUjcwWjBJMGJkM2xudmNpb2VpbzhQeUNsMHJHZHpwOF9OMi1yTm9TLUlfY21IT0RaVmM3LXNCelhWa1JzVF85LTJDN2RGSVlWYUlNRGpLWGdOTGVDQ1NQM2p5a0JlcVk2bVZtWDhMVUN3SEc4WnB5SUx3aU1Ib2h4TWFHWktiNXB3R0M0UlFjNDRxdWlUY1diX0czMy1rSm9fRU9BMlJtOXRrcVRyQ3FVSzZZTjVJ?oc=5,
e144,huachicol-fiscal,2026-08-27,Seguridad Nacional,9,La Presidenta Claudia Sheinbaum confía en una investigación sólida contra Fernando Farías por huachicol fiscal - El Soberano,https://news.google.com/rss/articles/CBMi3AFBVV95cUxNbUdQTjNZNmlpYVNrSGJRcmdlTTFrQXNrdzNzZHhQZzdrOHZKX2pxcWMwa05IUXNHNDRySDNTUFJPd2dxR29DZFY1MUtnLUo5dFVQZkt4dmNJWmJEVGRVRlpCYm5nNHJSOWt5RHdHRVVTck9xVktFSXpZeEQwTFNtd29CQVJqRjJwMWFiV1plZTJUaFpDM2VoYS01dnJxajdIckV4WTRjdzJ3MFY0UmQxelVrTXRvUnNyeENRQzVpSnJ0VFVUY0o4cmdOYnQxYXBfRFJvc28yZkU2cjNN?oc=5,
e145,huachicol-fiscal,2026-08-27,Seguridad Nacional,9,Sheinbaum exige que se haga justicia en el caso de contralmirante Farías - Polemón,https://news.google.com/rss/articles/CBMilwFBVV95cUxQaWhibmJVYUhNRzhVWU4wUUhHU0w4OG9LNHhnZjRNOUl0WFZzZDlkSlYyUUI5bERiaEZhVlU0LXU0QVR6UDNaQTJUMV83Q083QWstZWR2bFhkTVBSVG9FeG5xNEVIVUFNaE1CSlh5djExV25zTzdxajhZcEVNX2NtdEp5RUFneHRSQW1TSEtnZVY0UjdXVG9n?oc=5,
e146,huachicol-fiscal,2026-08-27,Seguridad Nacional,8,Fernando Farías Laguna: vinculan a proceso a excontralmirante por huachicol fiscal - Yahoo,https://news.google.com/rss/articles/CBMilwFBVV95cUxNQ29qT1VmYi1KcFRyUVBzNTYwd0d4YldPUS05dDJCUGdOUk9WS3RuT1ZRbW5TVEJtS0hCRTVEc1J5UkF6aks3ZHJFbHRRS2hjX0x5bkZDaGlRYVhSVElYcjV1MjIxenBidjBaZFZEamdXZ2RIQ0oySWlBc2FZbUh0eHBDd1cteU40Qml5TmFkTG14MmtDakJn?oc=5,
e147,huachicol-fiscal,2026-08-27,Seguridad Nacional,7,"Sheinbaum tajante: ""Hay suficientes datos"" contra Farías Laguna - MILENIO",https://news.google.com/rss/articles/CBMiqAFBVV95cUxNbXlCNmlaYVVzRFEtamdjUnd4c3ZjNk1ZU1VsQkttU01wbXpNWlNyZVpOSDBqVWxBc3NhaDlOeXR5OXlyRnA4N0FwVGlhTzBLX0tGWjFnZFF2enZCTXNBaWFzQm5HT0kwSWgtZk9qV1p4dGgwaHN0QXFEOERoUzhGbkZSa0JDZ2ZNNUJyTDFwUEVVMXl3bDhWNHgxYjRzZ3hmbFRjSVBJNVfSAagBQVVfeXFMTjkxLVZyQjFvS3psRGttTDV1NTNYLUFmc2FOcTY3dW56WUhYY0xmVWkwY093WGZVTG9vWFZYV0x4amp6S2hDUWFvWWgyajdxeUNzTWpWeHVXVFh4MzkweFlDbVVoNGstMFdUYzU1TUtqbEwxSWxxUTZoTXk0ZEN5bk9YZDV4bVZnUjUzZ1ZyQkpWQi1tMGtCdnAzcU1TejlHRzRid0J5QmpJ?oc=5,
e148,auto-d11a3b1aec,2026-08-27,Social,6,¿Habrá clases y trabajo el 1 de septiembre de 2026 por el Informe de Sheinbaum? Esto dice la ley - ViveUSA.mx,https://news.google.com/rss/articles/CBMixwFBVV95cUxOVEVXWFVIMDJGbHI5TC1mZ2lCMkJLbFJETVgzRm1xTk5wODNhN1Y3eUI3dVVXcl94T2V6Z0lpWmYtRlJSMFoxTjNFY2ZEM0x5V3hFTWcxTUgtYklFYmtrLXpaaVFKcW83X3Nyb1VjRGV0NTFEb1A5YWNJenZvdjdHVHhmaldyaEllN2pKU2l6Q09NRWlacUkybGJXWUFkQzM2OENLRkF2aVFDVkFQeXlSUmktR1ViM3VQN1c4YW1DUl9TOEJnd3Fz0gHbAUFVX3lxTE5jTk9hUWFTNl91anBiOUNmWTdpZ19RWVNCaEtXazk2bDV6ZksyY0VSSUpodWROeDZBenducF9xWlN5TzZabERkSC0tM1JHWVZ4TGFVZU15T1RMeVJMUl9VWHlEclA5R0JLMm1YR0xYbl9wc0NyUUZUWXdyVU51cjh5Mlhxdkp1R00wZ3ltakp6WGlnT01NSWxSV1MyLTJlUTQyNGtaVElKREZDZG1fazhCUi1yTXVacmI5TjhaS0FXQl84SmVzcHM2THhpeVUwRXF6QTFtZ2Zvbnk2QQ?oc=5,
e149,rocha-moya-acusacion,2026-08-27,Seguridad Nacional,7,"AMLO, Sheinbaum y el desconocimiento sobre Rocha Moya - UnoTV",https://news.google.com/rss/articles/CBMinAFBVV95cUxNOVdHR0QyS2dNNDg5WXY4cDBTMVVQZzVUaGpud3VvUmc2VlNVdzJvcGZyeDlnaWRXSzlIZU1kaXZRRkJRcGNRZVNTSU51Vmd3R2RaXzJkRzNTdTdBS0R4TnBvSWRxbUVrTTNZR1UwRVNoeHdrdlhmajFNVlJfR05zZDRld3BhVE9kUlpVZ1c2aGJYOU96dEcxMEF1dDU?oc=5,
e150,auto-19fa38aee0,2026-08-27,Relación Bilateral,5,Trump presiona a Sheinbaum para que México frene más cruces migratorios - Yahoo,https://news.google.com/rss/articles/CBMimwFBVV95cUxQalhuVFJ2Z0F4bWZTR0xxY0l1QU1jdDk4VDNaT1A5eEM1dHdwOHlFSi03VlhfWlZiSEx6aUxUMVRBN2lkdG5kVVlSU2NQZ1FHUm5waV9URFRNU2otaVpnM2xQOW5DTmdyTTZOeGlLbE1VdHlCVXQ3M3ZZRWF4WnFWRnctcFRnUTNjOGRDNkFLOXJVNVZ6aFlzbE1ZVQ?oc=5,
e151,auto-8fbbedb5cb,2026-08-27,Social,6,Trump pide a Sheinbaum frenar migrantes en México antes de cruzar la frontera: Bloomberg - La Silla Rota,https://news.google.com/rss/articles/CBMi5gFBVV95cUxNM2Y0cW8wZldHRlFFUnBycUtSVk1wWnBHU1dubUVXMDVDd2NBTmtUdDJMUGhqMGJ3end6ODNEUl9Kdk1yUGMxSzhXbGtHQzJPSjdNcTJ6WWp2TDh2OE9LQ0EwLVVjc183SHZoQ1ByMHQtR3Nhak5pNEtvdm9UVmRDVjN3c3VvVkFEeW55UW92WndxUFUwY3FiajBHOUV4VC03TUJEeXJIbEV4QVlxVmNJS2w1aGdYWTNELWhWTmdNSVVSdFVTT2dDb0gwZDVIOUNqbUNWMndROWZfdlF0cEoxVzcyY19Fdw?oc=5,
e152,auto-5c2a1b1b33,2026-08-27,Social,6,Sheinbaum revisará propuesta para que el 15 de octubre sea Día de los Abuelos Migrantes - sdpnoticias,https://news.google.com/rss/articles/CBMiwAFBVV95cUxPWTdFVDQ1eE1ZNTZWQU4tUWw4WXg2MW9JUG50WGIyWElzQUdra2hvVVU3OHVGZDNCREM3YkpGRC1wS1lmc2U1UGF5aDNPUnlzZGtRX1J6NFJQbVlrTVh4VExrNHZOSE50ZEtkbkhFbzBxLWVNZktXd2VqWWFqeV9aU09XM01ybUdnMVNRSFRlWTNwS0o1RW90ZmswWE1tYUI5cTk3YWlrMnBnRWg5VjNRYVZCSjlLVEdUNnRDY0dDQk0?oc=5,
e153,auto-d6244c532d,2026-08-27,Social,6,Trump pide a Sheinbaum frenar a migrantes mexicanos antes de cruzar a EEUU: Bloomberg - elindependiente.mx,https://news.google.com/rss/articles/CBMizAFBVV95cUxOQVJxSzQ1cFVHR2VreTlyQ01ONTY4LUZPdnB6WnRSRmpMQ01qOExrZVAwOHpmejR6NldTNFhhMjFIRTMzVFhRYzJ3N1F6UGFIUEl2MGEwdkVHOFhZVlAyVXpreWFQeFdVdndjMmxFakFJblRsMTgzaEstQnJ6VURUajNNY0NqaG1zMzY1Vm1IUGVHek44RUF2bVhxaDI3UElzYmxST0NWMFBCTGtHem1UMzZ2R1NyRHRYQVlrNWdNVTg3R2dwVWJNZXN6Tkw?oc=5,
e154,rocha-moya-acusacion,2026-08-27,Seguridad Nacional,8,"Rocha Moya, Morena y la disputa por el poder en Sinaloa - UnoTV",https://news.google.com/rss/articles/CBMipAFBVV95cUxOanFUSXBpWlJQcmhuUXBCdVFzUHBSXzltN2h5S3oyeXRpZjJHOXlXNEljTXdTbkVqYXdQbGFKMTZqR0F2TXc1ZV8xTHVha3R6LThCLUlfdGVZLW54RDVBLUJydjJUVU1pbUFxLUF5dFNiU2ZHZXVwbVVPU2tmU0NXTE12NkJMcHNpSGYxUmdDRUE0dkZjSElzVl9peTVYSWQ2S2hRMg?oc=5,
e155,huachicol-fiscal,2026-08-27,Seguridad Nacional,8,Defensa de Fernando Farías Laguna revela apodos clave en la investigación de huachicol fiscal: “Andy” y un político de Tabasco - Infobae,https://news.google.com/rss/articles/CBMi-gFBVV95cUxNTDNZcElMNktuNWlBOURqdFJST0ZYaXhnT2p0bk5IMkNhWjR3UlZhUTNxQU03ZkpzWF9lbVliWUpROTBsMWg4czVCNUpScy1GbHlWRWt1Vy1oRkczWjZHNXYwYktCSnRMSFRjSU9Rd2JrUWdPZDZ6bmxFVHlMOWtWb2EwSk1BTVJxSFJNZFFab3BFU1hEc0N1eVVCNlI5MnhhTVREUVBFd1c1UGFZSXlfSnZ4MUllVkVpNEhqTklyVlYwdmhnbXRqaGxyYW1xV0hWOHc1RVFiTmk0bE1uaUtRWnVFMFRDaHMxMVRVQVRWRDZxalR2ZkZfOXFB0gGUAkFVX3lxTE9EVGMzdkxuYmpGT19MMXI1RVM0MnJnYWlzY3JsM3I4V084OC1ObTJ1UFpEbzA4Ul9QSEFPelE5Mi1Ga0YyOGJ1WW9kcGI1UGhKa1REbFprcVU0SUd5S3lUVHlCazd1Mmh5SVR0dXd6NnpVaDJiOFFoNHRRczg2Znc3ZWxZWW5mdzV0cU9KVUU1dmRTMGp2TVZzUlNaSWVDY1V0YzVCOW9qbTRaQ1NGdWE5Vks5cHZGWUFhZE5hdVYzQ08yVVdLZHd2T3ZGdUh0ZzhxUlNxck5lRUxpbWJnbHNrR3dlSDMtelkzVEhyYkVJWVRmcmhJMkYxcnpYWTBkNFEtUHVTamxSUlRJZEpqZFBxUUxoaw?oc=5,
e156,auto-bbd2c44092,2026-08-27,Relación Bilateral,5,Presiona Trump a Sheinbaum para que frene más cruces migratorios - diario.mx,https://news.google.com/rss/articles/CBMivwFBVV95cUxNN1BkM1VkX3NwbTRzLXJEaW0wSHZjT0V3R2lqd216bVZrbjk4NU8zblFOODZjZFpfSGljZGVYZnMzcHM2dkxHUzJBbE1DbEhrbGxHbERFdm14SWdtSUpOdl9aVm95V0pqQ3hBVDV0RlJnNTNfRzVna1l1UkZaTkhNWWF1SmJfRUo1N3Y0amtlWnJROVNyN3lOQmZIa2VnVjhmRThXbE5mZWNEeUlONnJVV05CYkxkYmg5d0gtLXUxd9IBxAFBVV95cUxNRmJXNFlvVnJwZVN3cFExUHBxcXJRVWlRYlVrUWdybkZKSjFpWGhIbTd1dGkzV00xNW8yVFZ5d2NpUFllU2E3RS1rSGZMLTZ3SXlsSGpWVWtPOU0zam5wOTROVHdodWpBZml3ZlBmaG9wUWEyVzBhSFJEeXRFbThOMGJGVE9XLV9qbUtlY3pIcHNlWjZ1WUsxU0F0UTdpNHA0U2xfQjF5bm9vQ21aaGwzeEVTN2U1b2tmRERTcUxFV1ZfLXNH?oc=5,
e157,rocha-moya-acusacion,2026-08-27,Seguridad Nacional,6,Alito Moreno ataca y sostiene que “la cara de Morena es Rocha Moya” - Infobae,https://news.google.com/rss/articles/CBMirAFBVV95cUxPb1pUTzRsbldYckdmeklBdUw3Z3BOU0plNk5KUmpjRDM1ZUJZWVc1cXk0LUxLSUx3NGJnVEY4UXY5ZlZpX3VXbFItTkx3M09Rb3hwemlnNTBLalJkQWFDdFFDTDlhaFpXSGxNR0h3enMxaXJFQU9zYlpSSWhwRjVoMndrU1pjZFVYeFhGWmU4cV9lcmJMRi1wdmRNdmM4a3ZTa1l4Y0FoTFBTeTMy0gHHAUFVX3lxTFBtMVAyT3dwM1lVSHdOUXFXZXMweHBzeGtaZ3A3cDVmLThqa0FqTXozV1RGM0JkbDNHMXVOOGpiU1RSTm1XcmxBdGM4TDFJSzBzOGdYRUhZMlgtbHRDQ2M1SFVPZFRJM05nd19KMEtMSHdfS2NQOWp1UzJTTG04VTB0WC1QMlV2ckFpOU1rNkhGX0k1X09aNnhqNDNGQks4TlhuTHhtSTJxa0hmZFBYYWxkYVFwa1pSMG1ZTmp6WGFQVndMalMtYTA?oc=5,
e158,auto-5763f20688,2026-08-27,Relación Bilateral,5,Trump pide a Sheinbaum frenar el cruce irregular de mexicanos hacia EU - Eje Central,https://news.google.com/rss/articles/CBMisgFBVV95cUxOaldiYXFiV1N6eGZ0cU42bEwwM3ZXRGFMZ2VMOVFTb2YxLUo5d2d1U3lYaDZKTU5hclNjemR0bVRtV0JYVUZPaWdVNjVtLTFUQ3dRR1RCQ1hKX2sybXkxUk9nQThzMlE4TjBibGd1cWxZVzVPT2tNYzdkYzRyTXhXMk1sQUc1VWtZMFhyeUxqM1gxcTc0Z3FXZWZIbDVUMm83em1lZ0NteEI3YTJBY0tvNVFB?oc=5,
e159,auto-04370a1a98,2026-08-27,Social,6,"🔔 ALERTA — Padres de los 43 normalistas de Ayotzinapa se reúnen con Sheinbaum; ""estamos lejos de saber su paradero"", dice abogado - LatinUS",https://news.google.com/rss/articles/CBMi9AFBVV95cUxQLUgxaVl1LWJ3cXJaQWNNaWdrbE1keXZHZXliaVA4UTVDZ05xV0VGaEJHUzR0VzAxLWtaSjllTUJ0V1dRN09hSDE1Y2RNVFZySE9wRTBRTjl2b0tMVG1TblZGYXBTa1dKa25JTEtRcnFiM2s5d1NMM0tDdGl5aEV2LWxCdzk4UlVJMHFLS0dDNTI3cTZTREF0MnRWaXpwaTZvNTZPS3VBeGNKZzZ1YVVHRjBGZWN5WW9NakhROUJFR3YwbWJmVFh5VGo3SjNNdUp2ZUNWRFpDLVBoZmxSM2pqdFh4RGpKblk0aFl6ZmtqYXAtWTdX0gH0AUFVX3lxTFAtSDFpWXUtYndxclpBY01pZ2tsTWR5dkdleWJpUDhRNUNnTnFXRUZoQkdTNHRXMDEta1pKOWVNQnRXV1E3T2FIMTVjZE1UVnJIT3BFMFFOOXZvS0xUbVNuVkZhcFNrV0prbklMS1FycWIzazl3U0wzS0N0aXloRXYtbEJ3OThSVUkwcUtLR0M1MjdxNlNEQXQydFZpenBpNm81Nk9LdUF4Y0pnNnVhVUdGMEZlY3lZb01qSFE5QkVHdjBtYmZUWHlUajdKM011SnZlQ1ZEWkMtUGhmbFIzamp0WHhEakpuWTRoWXpma2phcC1ZN1c?oc=5,
