tema_id,tema,fecha,tipo,detonante,nota_clave,nota_url,razon,efecto,primera_deteccion,ultima_deteccion,historial
visa-de-andy,Visa de Andy,2026-10-08,trigger,Andy,Loret acusa que Marath Bolaños opera como enlace y mensajero de Andy,https://www.informador.mx/mexico/carlos-loret-de-mola-acusa-que-el-secretario-del-trabajo-opera-como-enlace-y-mensajero-de-andy-lopez-beltran-20261008-0064.html,Varios días seguidos por encima de lo normal (~2.6 notas al día) acumularon un aumento sostenido; ese día fueron 5. Quién lo protagoniza: Andy (5 de 5 notas).,,2026-10-08,2026-10-08,trigger 2026-10-08
el-mencho,"Abatimiento de ""El Mencho""",2026-10-06,trigger,,"¿Quién es ‘El Tanque’, narco que habría ayudado al ‘Mencho’ a huir tras abatir helicóptero del Ejército?",https://www.elfinanciero.com.mx/nacional/2026/10/06/quien-es-el-tanque-narco-que-habria-ayudado-al-mencho-a-huir-tras-abatir-helicoptero-del-ejercito/,"Lo normal del tema son ~0.3 notas al día; ese día fueron 4 (por azar eso pasaría en menos de 1 de cada 3,800 días).",Ritmo: de 0.3 a 2.0 notas al día (1 día de seguimiento) | Quién entra: ningún actor nuevo de peso | De qué se habla ahora: tanque (palabras que antes casi no estaban) | Peso en la agenda: 0% → 6% de las notas de agenda nacional | Hacia dónde se mueve el foco: también ganó espacio «Reforma constitucional contra la doble nacionalidad en candidaturas» (+9 pts),2026-10-06,2026-10-08,trigger 2026-10-06
morena-coordinadores-2027,Coordinadores estatales de Morena rumbo a 2027,2026-10-06,trigger,Tatiana Clouthier,¿Se queda en Morena? Ricardo Monreal habla sobre el futuro de Tatiana Clouthier en el partido,https://www.elfinanciero.com.mx/nacional/2026/10/06/se-queda-en-morena-ricardo-monreal-habla-sobre-el-futuro-de-tatiana-clouthier-en-el-partido/,Varios días seguidos por encima de lo normal (~6.1 notas al día) acumularon un aumento sostenido; ese día fueron 12. Quién lo protagoniza: Tatiana Clouthier (3 de 12 notas) y Andrea Chávez (2 de 12 notas).,"Ritmo: de 6.1 a 6.5 notas al día (2 días de seguimiento) | Quién entra: Lorenia Valles Sampedro | De qué se habla ahora: convocatoria (palabras que antes casi no estaban) | Peso en la agenda: 43% → 46% de las notas de agenda nacional | Hacia dónde se mueve el foco: también ganó espacio «Abatimiento de ""El Mencho""» (+4 pts)",2026-10-06,2026-10-08,trigger 2026-10-06
morena-coordinadores-distritales,Coordinaciones distritales federales de Morena 2027,2026-10-04,trigger,Morena,Se registra Óscar Brito por Morena en el Distrito 3 - Quadratín Michoacán,https://news.google.com/rss/articles/CBMimgFBVV95cUxNbjQxenU0VzNtZjFJd1hPV05PdUJWaEhZZ2pvR2ZRNTM3S0ZPWldqa0c2OVV2MGFYNm1NdGhDbUJ0VHJQWHVlaW9XSkliYzdSVUFFUlViSG9UNEhqaW1OcV9ndHhncHo5azVyTGtHZjE1SFliaFFLNm5YcmNQd3hnMkExMURnR3BoTTQ2bEI5N2NTNUZ3OUpNRlRB?oc=5,Lo normal del tema son ~0.4 notas al día; ese día fueron 3 (por azar eso pasaría en menos de 1 de cada 100 días). Quién lo protagoniza: Morena (3 de 3 notas).,Ritmo: de 0.4 a 2.0 notas al día (1 día de seguimiento) | Quién entra: ningún actor nuevo de peso | De qué se habla ahora: la conversación sigue en los mismos términos | Peso en la agenda: 3% → 6% de las notas de agenda nacional | Hacia dónde se mueve el foco: también ganó espacio «Coordinadores estatales de Morena rumbo a 2027» (+11 pts),2026-10-06,2026-10-08,trigger 2026-10-06
visa-de-andy,Visa de Andy,2026-10-01,trigger,AMLO,Andy López Beltrán reaparece tras reportaje del NYT sobre agencias de EEUU que lo tienen en la mira: presume libro de AMLO - Infobae,https://news.google.com/rss/articles/CBMi9wFBVV95cUxNWU41a0o0ck53TmY3VlpCODFoQnVNU3BoWHBaMVF0aUxRdVZhT21sWDdXN0F1MHJhcXQ1a3hUaHNkc0d1emE0Q2hiYVk3Q0VEUWZ2U0VaTFNyTXB6bzlWZHptTnFScHNzWURKUl9ZYkpjMzFQNGdTU0pGS01wdXpCbmdUZkd6OFhXTVk2bEN5TDlvOGJKU3E1VndMR0ZkY19fQ0ZlcVFHelRHZDc1WHR1VkNrU2F4bE1MVTl5VXVCNFpRYTUwVzRZS2huemdISzBCazlaV1FId3lYT2xlX0dudnpRLUFlWVVOY1hmSGpoLWpOWGdBbV930gGSAkFVX3lxTFBtaVVQSndPcTV6T2R2elY5V21EOHZCeUdPa2laSEpoMzZMVFNnb1VPOE1sMkppR1BXZm1oaFMtUzRKd0lod21hdkduLVhoajRUeE5zdDNJN1VSRlVOOVVqTVVPTFhNbjMyYnV2RnZvTzdzeDdqaUQxV0VrUUV0NXBCYVR4ektoTExJT1JNU09IaTZpNEl5QzdJc2ZKeGRIQ2xya0ZiclFBYTFvazFpU3BmMFhqRE5uZGlzWlJ4NGxQWURjd01OWmpTSFNHRnJlcDFQOGl3TlV2bjNLQlF4RFREZ0poQnhKTDlNZ3dwMjUtV1NJdmI2ek90OEJNd2tVeDk4djVfbHlSMm4tdVh2MU1zLWc?oc=5,AMLO entra con fuerza al tema: lo mencionan 3 de las 4 notas del día y en la semana previa casi no aparecía (1).,"Ritmo: de 1.7 a 3.0 notas al día (5 días de seguimiento) | Quién entra: ningún actor nuevo de peso | De qué se habla ahora: libro, registra, diputacion (palabras que antes casi no estaban) | Peso en la agenda: 7% → 13% de las notas de agenda nacional | Hacia dónde se mueve el foco: también ganó espacio «Coordinaciones distritales federales de Morena 2027» (+4 pts)",2026-10-06,2026-10-08,trigger 2026-10-06
reforma-doble-nacionalidad,Reforma constitucional contra la doble nacionalidad en candidaturas,2026-09-30,trigger,Sheinbaum,Defiende Claudia Sheinbaum reforma Constitucional sobre doble nacionalidad - Punto MX,https://news.google.com/rss/articles/CBMirgFBVV95cUxNbk9NRUVvVGttTlI5NDRlcWt1UFNELW1TemZEMVVWbnpSQW15dTVqRDAxMlBLckVrZGNkYUNubUdKVjNrS0UtbktKVjFidXdOdjN0WUo4QnR1WFBxeENFaWpJcG53SFBoaV8zY1F4dGVTcG93SEJ1alczOGRRcVRvbV9aQkxndnJCOVh4czU1eTd6U0VheGtuOWQ3Y21yNTFJWUkxUENTUTJWYUVFSnfSAa4BQVVfeXFMTW5PTUVFb1RrbU5SOTQ0ZXFrdVBTRC1tU3pmRDFVVm56UkFteXU1akQwMTJQS3JFa2RjZGFDbm1HSlYza0tFLW5LSlYxYnV3TnYzdFlKOEJ0dVhQcXhDRWlqSXBud0hQaGlfM2NReHRlU3Bvd0hCdWpXMzhkUXFUb21fWkJMZ3ZyQjlYeHM1NXk3elNFYXhrbjlkN2NtcjUxSVlJMVBDU1EyVmFFRUp3?oc=5,Lo normal del tema son ~0.8 notas al día; ese día fueron 4 (por azar eso pasaría en menos de 1 de cada 100 días). Quién lo protagoniza: Sheinbaum (2 de 4 notas).,Ritmo: de 0.8 a 0.8 notas al día (5 días de seguimiento) | Quién entra: ningún actor nuevo de peso | De qué se habla ahora: la conversación sigue en los mismos términos | Peso en la agenda: 8% → 8% de las notas de agenda nacional | Hacia dónde se mueve el foco: también ganó espacio «Visa de Andy» (+8 pts),2026-10-06,2026-10-08,trigger 2026-10-06
morena-coordinadores-2027,Coordinadores estatales de Morena rumbo a 2027,2026-09-29,trigger,Sheinbaum,Cruz Pérez Cuéllar asume coordinación estatal de Morena en Chihuahua - Ahora Tabasco Noticias,https://news.google.com/rss/articles/CBMimgFBVV95cUxPWW1FaV9FN2N0MFl0dER3cHRKVFFLbHY5REFZcEhOTW5mbEx4d3BmbS1seHRHaTN5c2YwTTF1VEI1MENlbndCTDV3RkQ1aWd4bE1RMzlPemZmNDRJVkRlU1ZmYzIySzdaUFptRXNPTDJTeGZsMXoxQkhTajJJNTBSZWJHLTcyVHBDMFgxSHZMYm9ZRllZX1NyVFFn?oc=5,"Lo normal del tema son ~4.5 notas al día; ese día fueron 18 (por azar eso pasaría en menos de 1 de cada 771,600 días). Quién lo protagoniza: Sheinbaum (5 de 18 notas) y Marybel Villegas (3 de 18 notas).","Ritmo: de 4.5 a 5.8 notas al día (5 días de seguimiento) | Quién entra: Jasmine Bugarín Rodríguez | De qué se habla ahora: corcholatas, chihuahua, proceso, dedazo (palabras que antes casi no estaban) | Peso en la agenda: 32% → 39% de las notas de agenda nacional | Hacia dónde se mueve el foco: también ganó espacio «Visa de Andy» (+7 pts)",2026-10-06,2026-10-08,trigger 2026-10-06
visa-de-andy,Visa de Andy,2026-09-28,trigger,Amílcar Olán Aparicio,Corresponde a FGR determinar supuesta corrupción del empresario Amílcar Olán: Sheinbaum,https://www.angulo7.com.mx/2026/nacional/corresponde-a-fgr-determinar-supuesta-corrupcion-del-empresario-amilcar-olan-sheinbaum/725327/,Amílcar Olán Aparicio entra con fuerza al tema: lo mencionan 3 de las 3 notas del día y en la semana previa casi no aparecía (0).,"Ritmo: de 0.6 a 3.2 notas al día (5 días de seguimiento) | Quién entra: Amílcar Olán Aparicio | De qué se habla ahora: morena, suiza, libro (palabras que antes casi no estaban) | Peso en la agenda: 3% → 12% de las notas de agenda nacional | Hacia dónde se mueve el foco: también ganó espacio «Coordinadores estatales de Morena rumbo a 2027» (+14 pts)",2026-10-06,2026-10-08,trigger 2026-10-06
reforma-doble-nacionalidad,Reforma constitucional contra la doble nacionalidad en candidaturas,2026-09-27,trigger,Sheinbaum,"🔴 #EnVivo | “Toda persona que desee ser gobernador, jefe de Gobierno o Presidente de la República solo puede ser mexicano, no puede tener doble nacionalidad”: Claudia Sheinbaum - facebook.com",https://news.google.com/rss/articles/CBMi2wFBVV95cUxQMDJRMUxEakYya1hHM3RiSlJLN0FjaUQtMVRLMm05Q2xSZkplTm94Z1AxVzFkLVJVM3J0cFo5SEszaWpkV3I2NDN6T0laN3Y2RTNFTDJ5VUVVeUs5N1JRclhMZjE0M2QyNzdkUDg5MnBiVE9UOFRiNlowY3FiNWNvTFBQN0ZpcW9lbEZobEgtUWgtTnFKeVhIRVNCTkFIYkR4MWJMQWxLRzVoWWhJMURrTVlCRGZ0a3NsSXFRS2hmUWNaaXhLUXhXMlE1SW9sOGdUN2NiOXd5b0xGcjg?oc=5,Sheinbaum entra con fuerza al tema: lo mencionan 2 de las 3 notas del día y en la semana previa casi no aparecía (1). Lo normal del tema son ~0.4 notas al día; ese día fueron 3 (por azar eso pasaría en menos de 1 de cada 200 días).,Ritmo: de 0.4 a 1.8 notas al día (5 días de seguimiento) | Quién entra: ningún actor nuevo de peso | De qué se habla ahora: morena (palabras que antes casi no estaban) | Peso en la agenda: 6% → 10% de las notas de agenda nacional | Hacia dónde se mueve el foco: también ganó espacio «Coordinadores estatales de Morena rumbo a 2027» (+11 pts),2026-10-06,2026-10-08,trigger 2026-10-06
operacion-enjambre,Operación Enjambre: alcaldes y funcionarios detenidos,2026-09-25,trigger,,[Opinión] Aceleran “operación cicatriz” en Morena,https://www.elfinanciero.com.mx/opinion/confidencial/2026/09/25/aceleran-operacion-cicatriz-en-morena/,Varios días seguidos por encima de lo normal (~0.6 notas al día) acumularon un aumento sostenido; ese día fueron 2.,Ritmo: de 0.6 a 1.2 notas al día (5 días de seguimiento) | Quién entra: ningún actor nuevo de peso | De qué se habla ahora: la conversación sigue en los mismos términos | Peso en la agenda: 3% → 4% de las notas de agenda nacional | Hacia dónde se mueve el foco: también ganó espacio «Visa de Andy» (+7 pts),2026-10-06,2026-10-08,trigger 2026-10-06
morena-coordinadores-2027,Coordinadores estatales de Morena rumbo a 2027,2026-09-21,turning,Sheinbaum,Niega Sheinbaum dedazo en designación de coordinadores de Morena - Quadratín Michoacán,https://news.google.com/rss/articles/CBMiqwFBVV95cUxOcU9tbTZwQmNyLXk4eGYxS05vR0ViZ005eHJ6amNsY1otT1NwT2pYOGYxV3dYWFVpY2VORlFVSVRxZWRZaUxFWWw2MmtEejFXcHJuTzFjYW1xMFVxMHBYeWxmYzJrWThJMHNIU1FYVnVrTFJ3aFA3RUxRdWVGdU9uSlFCLXNRQ2FMU3BaWFBNd1NTMlBtdXEwWktlNFpCeGxKZENMSE0xSk1Ldlk?oc=5,"Lo normal del tema son ~0.9 notas al día; ese día fueron 8 (por azar eso pasaría en menos de 1 de cada 295,400 días). Quién lo protagoniza: Sheinbaum (2 de 8 notas). Y se sostuvo: 18 notas en los 3 días siguientes.",Ritmo: de 0.9 a 4.2 notas al día (5 días de seguimiento) | Quién entra: ningún actor nuevo de peso | De qué se habla ahora: gobernador (palabras que antes casi no estaban) | Peso en la agenda: 30% → 29% de las notas de agenda nacional | Hacia dónde se mueve el foco: también ganó espacio «Reforma constitucional contra la doble nacionalidad en candidaturas» (+6 pts),2026-10-06,2026-10-08,turning point 2026-10-06
morena-coordinadores-2027,Coordinadores estatales de Morena rumbo a 2027,2026-09-19,turning,Sheinbaum,Morena rumbo a 2027: ¿quiénes son los coordinadores para las gubernaturas? - MILENIO,https://news.google.com/rss/articles/CBMiogFBVV95cUxQb0g0VDNJdmZYVGV5OUtlOVMxbTZYUWV1el92Q3c0cXNUaE1rUVh2WW1zU19pbHZRQWNvRndGQVBQWXl6WlRhS09nLTdqMnZNUW4ycVh5NHZvb1F5OHBxUHBQeWZ2b1hpZDFxd0FMZEliUEpXZDZ4c2YwYnpJVFVQQ2U5NHdzeDVuTzQ4bExZOWttMXpHbGpiQlRPY2NrUHRsNHfSAaIBQVVfeXFMT3FWVXdJUjZicS1KQkx4VXBuMjZpWTlHRlVwYlg0Y1E3c0RNYldHUVlQZTg4YUxTbE0zNGZ3OE1sNnFtU0tFM2JPb1psRFloZWN5VlUwU0NQM2hiMEJWdmQ2WmdUTGZfSXBBWE4zcU5HUmtCUWRMbGVwN3k5MEIydnpiSFFCX2NicUc1VjJJWUlnN3pHTzR0M0xzNTVrMmhaemd3?oc=5,"Lo normal del tema son ~0.6 notas al día; ese día fueron 5 (por azar eso pasaría en menos de 1 de cada 1,900 días). Quién lo protagoniza: Sheinbaum (2 de 5 notas). Y se sostuvo: 20 notas en los 3 días siguientes.","Ritmo: de 0.6 a 6.0 notas al día (5 días de seguimiento) | Quién entra: ningún actor nuevo de peso | De qué se habla ahora: eleccion, respaldo (palabras que antes casi no estaban) | Peso en la agenda: 20% → 39% de las notas de agenda nacional | Hacia dónde se mueve el foco: también ganó espacio «Reforma constitucional contra la doble nacionalidad en candidaturas» (+6 pts)",2026-10-06,2026-10-08,turning point 2026-10-06
huachicol-fiscal,Huachicol Fiscal,2026-09-18,trigger,Rafael Ojeda Durán,‘No está escondido’: Sheinbaum responde por qué Rafael Ojeda no acudió a declarar por huachicol fiscal - El Financiero,https://news.google.com/rss/articles/CBMi5wFBVV95cUxORU5GQ1hMMWpiMUoxLXhfa0w2S1ItR2J6QXFuem5VdTQtNy11eURDUTd3TE01dGdjWUVoTm9jTGZTNXN4UjZtcXh0alh1Z2tQdFV3dGMxV2hnT0ZLbl9FMzdBV1ZXN0UtdmdkbE5aMkpjb2tac1FNTlA1OUNCN0V1S18yd2h0VldTeVg2dG1EVzJJVFpMMExPT0ptQ1RfSldvZmtfY3I2UDVuc1FYVU00Tnd2UHlvWm9mSEFKaUtteFhpT1k5dWdkSUhWTVhqR0phSGU4ZlBHQW9IZG1ndXg5bUx2U0lJMXM?oc=5,Rafael Ojeda Durán entra con fuerza al tema: lo mencionan 2 de las 4 notas del día y en la semana previa casi no aparecía (1).,Ritmo: de 2.9 a 3.2 notas al día (5 días de seguimiento) | Quién entra: Sheinbaum | De qué se habla ahora: la conversación sigue en los mismos términos | Peso en la agenda: 22% → 18% de las notas de agenda nacional | Hacia dónde se mueve el foco: también ganó espacio «Coordinadores estatales de Morena rumbo a 2027» (+19 pts),2026-10-06,2026-10-08,trigger 2026-10-06
morena-coordinadores-2027,Coordinadores estatales de Morena rumbo a 2027,2026-09-17,turning,,Riva Palacio revela alteración de encuestas en Morena por candidaturas - El Informador,https://news.google.com/rss/articles/CBMi-AFBVV95cUxPdk1jUHcweXNUR2ZFVUIzd3VTd3RFbHlNV3JmY0FZclRUNmNpZVo3TEdVMkhGQldkeHVtcHJuMVZ3dXVScF80U2U0LTU4NEJFSnV6cW1sTktQNDQ3VTJPMlZ4ZG52N1ZBa3lXWW4wcWFLYml3bmJ3RERNNl9Va1M2REtMR0Zoc0R4STF6SEp3Tnk3WS1Qd1hTR0xQMGpTRjZwaE5LT1hJckNGZXFsaDhMbTVtb3dPXzBEUXVXNy01OHcwSURxbldqeEtOMTJNWVlJZXNoUG56WUUzbkR2cVp2RkVzZ1JGQ2hGQXZLX0ZfMTd4Y2hBX3JaR9IB_gFBVV95cUxQWWxlRklkMVBsZnVPUnNFU0g4bkJSYnJ5TDd6Q0c5ZmxNNWtTc3hTRVlqdldtMjdlT0I3NDdDNV9VcU9GcEdPSTdTUGVKczAyWXlGeS12dnRqZ2owVkFmNFVpa0h0WWpGOEFKajdBdGRsZXM5ck1xOXZxRDdqYUVpNEZfQmhoNlduQW5TaGVRRE9HSXhJMXVwWE5pSnZTLTJOMUEta21iNXRHWF82ZmFXNGdKemtfMWVHQkFoZXZ6VW9YWnRMbnRNVENBbHpiaXJReThjc3FON19CcERhV2VYRmJzYnh0WXp6WEt4TjBMOTFMY0sydkVKV3JDSmhTQQ?oc=5,"Lo normal del tema son ~0.4 notas al día; ese día fueron 5 (por azar eso pasaría en menos de 1 de cada 11,800 días). Y se sostuvo: 15 notas en los 3 días siguientes.","Ritmo: de 0.4 a 6.2 notas al día (5 días de seguimiento) | Quién entra: ningún actor nuevo de peso | De qué se habla ahora: encuestas, encuesta, recibe, eleccion (palabras que antes casi no estaban) | Peso en la agenda: 8% → 40% de las notas de agenda nacional | Hacia dónde se mueve el foco: también ganó espacio «Reforma constitucional contra la doble nacionalidad en candidaturas» (+3 pts)",2026-10-06,2026-10-08,turning point 2026-10-06
tmec-revision,Revisión del T-MEC,2026-09-17,trigger,Sheinbaum,Sheinbaum y Trump sostienen llamada previa a cuarta ronda del T-MEC - La Silla Rota,https://news.google.com/rss/articles/CBMivAFBVV95cUxOUnNuYVJNeXlwbWdjNkNCeExyZFpXTVNVMXRvdFExWTI4amFHaWcxQlhzWlZNYWp3VTlPTEdQalluU3dnUE1nRm55QkZOVmVFenFPNnNTMTNrTzQzU3FXYmM3RDZPLWFzZlF5SHk2djlrU0VvTnRYVERER0FhTlZlcy04Tk1zY0dxQU85YkxISkxlZXd1UGl1SThkYnBRUFJZZ0s1SnhjVUhJUGNBWDRFWEdDTnFOYmgtWkZHWQ?oc=5,Sheinbaum entra con fuerza al tema: lo mencionan 2 de las 5 notas del día y en la semana previa casi no aparecía (1).,Ritmo: de 1.7 a 1.8 notas al día (5 días de seguimiento) | Quién entra: ningún actor nuevo de peso | De qué se habla ahora: llamada (palabras que antes casi no estaban) | Peso en la agenda: 17% → 11% de las notas de agenda nacional | Hacia dónde se mueve el foco: también ganó espacio «Coordinadores estatales de Morena rumbo a 2027» (+31 pts),2026-10-06,2026-10-08,trigger 2026-10-06
morena-coordinadores-2027,Coordinadores estatales de Morena rumbo a 2027,2026-09-15,trigger,,"MC pide al INE ser un ""verdadero árbitro"" ante designación de ""corcholatas"" morenistas y giras de Sheinbaum - Proceso",https://news.google.com/rss/articles/CBMi7wFBVV95cUxPbmJxd2ZPdDVrbjhKSC0tRV9pbVdCWVZZSlV4cGxDM0UzS3pGTGwwdEhUNERURVQwZ0VPMDZFVlRuWllBenY4NHdZaGNqdXR4cWdTUlU0U29hOThrQ2IwNnE4VlMwRXhNSUdKRFBmVDRuZXY0NXo1QjhtTHd2ZnNCS0hrZXRTQTNQTXktSG5IdzA2a0VDZnlfdG1NblZXMkdFOUw4MFNOWkpzQ1g3c1JMQ2h6OVNwWWt1QzVvaXVqN3ZIMXpENjd0cEF5Q0tSRmtTcWFjUEl2SlZWUzNfSk8xOV93WlNZZUwzQ2xIZmJhdw?oc=5,Lo normal del tema son ~0.3 notas al día; ese día fueron 3 (por azar eso pasaría en menos de 1 de cada 300 días).,"Ritmo: de 0.3 a 4.4 notas al día (5 días de seguimiento) | Quién entra: Sheinbaum, Eugenio ""Gino"" Segura | De qué se habla ahora: encuestas, designacion, quintana, corcholatas (palabras que antes casi no estaban) | Peso en la agenda: 0% → 34% de las notas de agenda nacional | Hacia dónde se mueve el foco: también ganó espacio «Abatimiento de ""El Mencho""» (+3 pts)",2026-10-06,2026-10-08,trigger 2026-10-06
ley-egresos-2027,Paquete Económico y Ley de Egresos de la Federación 2027,2026-09-09,trigger,Sheinbaum,Sheinbaum asegura que Salinas Pliego paga cada mes lo que debía - El Universal,https://news.google.com/rss/articles/CBMi0gFBVV95cUxPTjFNZ0hNREdpQXlBQlowQkRyVXpiNU5hWlhHTzhGcHhpUXRmdlRKMmRtaHNJd2t4ZDExVXJzMjN4ZmJtLWlkeExzUXh1eVlBSjlfVWdwbEN0ZmEyUF8wR0M0dWJFeWhQNWhqeklCTmVNU2N2UGJ1Wi1kaXVlMzNaRTBJZlVVMTcxV2JDYnN3dkdWdEpCdEd0R3VNUWxzdVlvMDU1Zk1kdUxTQTE5bXl4OW1fVWJDOVVWOTA1R0VHamdfR2xzNVlHR1lIWk1idTZlN1HSAeYBQVVfeXFMTjRiLUlqdHY2SXVKR1hBeER1RlROS1hRalMtUVhpUlA3aFRUa2FFTDB0ZGtwNFVEXzNNYjk4ekNKc2ktTkw5MjVVd29uR3BVbk1YQURSQjJ3b3dGRzhadmhpMUNnVHlJLU5xLWJCM3BOeFhXRW1DckNqN2dmcmhrWXdRejZFMzNfZkhqZHdCMXVsREtzUEQ1MEJvbm42UEl2X2RHME12blBMWG5RWDBjM05mVWxTYVM0eVQ0UVkyeEY3TS15YlN4dExfTlpsak5YdzFjd1hlY1VISTBxcjVqdEx5cmcxR2c?oc=5,"Lo normal del tema son ~0.4 notas al día; ese día fueron 5 (por azar eso pasaría en menos de 1 de cada 27,800 días). Quién lo protagoniza: Sheinbaum (4 de 5 notas).",Ritmo: de 0.4 a 0.6 notas al día (5 días de seguimiento) | Quién entra: ningún actor nuevo de peso | De qué se habla ahora: la conversación sigue en los mismos términos | Peso en la agenda: 6% → 11% de las notas de agenda nacional | Hacia dónde se mueve el foco: también ganó espacio «Revisión del T-MEC» (+17 pts),2026-10-06,2026-10-08,trigger 2026-10-06
reforma-doble-nacionalidad,Reforma constitucional contra la doble nacionalidad en candidaturas,2026-09-09,trigger,Sheinbaum,"Sheinbaum critica a partidos que votaron contra iniciativa de presidentes con doble nacionalidad: ""No quita ni - MILENIO",https://news.google.com/rss/articles/CBMinwFBVV95cUxQSl95TGRZY195YXlJa2VVUjVNaUVfUV9UR2pJQTJvc3VpUFhfUlNlWFRJbjcwcFpDUkVwVlU1QnBaY2l6MlJKVzZtTFNWTDZvY3NGQkh3a3BFZEhPckFOYXpTMUZOOXlmcFkzR2lreXBzdG1RWGdESmx6Y3ZBSjc1M1FaeVUyYi1FZHhSUzRjZWFSWVByakJ2VWxpTmgtUm_SAZ8BQVVfeXFMTWEtZTJjS3JkektJVU15Y1JZc3B5ajhDN0F5VXRhNVFkLUxhRnJmcmx5UjFXQW9xU2IxM1VUclBRbUlBWjdTWGpnQTJNVC01U0xCeUNELW94RVhnVC1HYzg5VUNucnFDUENNM0E2d2h1eFVuNVVVRnFlYmc2OUR1LXA4RTN2ajNyVl9zU0VQSGV6eS1hTlp3LUstVmlhYmNr?oc=5,Varios días seguidos por encima de lo normal (~0.5 notas al día) acumularon un aumento sostenido; ese día fueron 3. Quién lo protagoniza: Sheinbaum (2 de 3 notas).,Ritmo: de 0.5 a 0.0 notas al día (5 días de seguimiento) | Quién entra: ningún actor nuevo de peso | De qué se habla ahora: la conversación sigue en los mismos términos | Peso en la agenda: 11% → 8% de las notas de agenda nacional | Hacia dónde se mueve el foco: también ganó espacio «Revisión del T-MEC» (+17 pts),2026-10-06,2026-10-08,trigger 2026-10-06
tmec-revision,Revisión del T-MEC,2026-09-09,trigger,Sheinbaum,"""No vamos a firmar nada que afecte nuestra soberanía o economía"", asegura Sheinbaum de frente al T-MEC - El Universal",https://news.google.com/rss/articles/CBMi3wFBVV95cUxNYjNVbFJ1NVA3ZmFna29oQnRZTzVKdmxMeVlaeWVEOUdpWGRnLVBSLVFjN2Jhc0FlZHZnVkd0a3RxSjVvZkttbU9XUjlSYVkweHdoVk1xUkZ4ZVZtcF85UFowRnlhcXp2U1hMemI1NmttLS01Nm5hUG9tLVJjM3lKd2ZVRnQzWDl3a2s0NkQyRkwxdjl1bVJCakl1SDA0amtXY0kyaUZGQmgyYUdrVTNCakxYaWpaY0kwdnNNTWtpeVcwbHVuNEh3dUVDVFBCNTRVOGxZZnZJRXJVdk5vaG5J0gHzAUFVX3lxTE9OU3ZNNG5oR2haYWZpMDVSYXhtOEFUa0wwb1daNXV2UW5kYzBScFJ1SExpdFdPcmQ5TUlPcFVQb3UyTTVNTVBscmZ0bDJEX0xWTWJ0VTFqcmZBMWhjcmlqaEw5al9jOVBzT09WdFNBSUlNLW9FTld4eHM0NWh5QXVGTGhCd0hsMnQtVEhoaDJ5cXgtQ2d0WXVrSzFUM1k4aGJLM2ZPSHVURzRTMHhueGhDZnMxd0lxSmQtdW9LMS1kcWVqYmNUaHB5bXd3U1B5V0YyOW9uckozQ3FzZi1XQjE2RjF0Y2VmWERIVngtUTE5YUVNcw?oc=5,"Lo normal del tema son ~1.1 notas al día; ese día fueron 10 (por azar eso pasaría en menos de 1 de cada 4,801,200 días). Quién lo protagoniza: Sheinbaum (7 de 10 notas).",Ritmo: de 1.1 a 2.0 notas al día (5 días de seguimiento) | Quién entra: ningún actor nuevo de peso | De qué se habla ahora: la conversación sigue en los mismos términos | Peso en la agenda: 8% → 25% de las notas de agenda nacional | Hacia dónde se mueve el foco: también ganó espacio «Paquete Económico y Ley de Egresos de la Federación 2027» (+6 pts),2026-10-06,2026-10-08,trigger 2026-10-06
tmec-revision,Revisión del T-MEC,2026-09-04,trigger,,Fronteras Adentro,https://www.elfinanciero.com.mx/opinion/luis-wertman-zaslav/2026/09/04/fronteras-adentro/,Lo normal del tema son ~0.6 notas al día; ese día fueron 4 (por azar eso pasaría en menos de 1 de cada 400 días).,"Ritmo: de 0.6 a 2.6 notas al día (5 días de seguimiento) | Quién entra: ningún actor nuevo de peso | De qué se habla ahora: estados, unidos (palabras que antes casi no estaban) | Peso en la agenda: 8% → 17% de las notas de agenda nacional | Hacia dónde se mueve el foco: también ganó espacio «Reforma constitucional contra la doble nacionalidad en candidaturas» (+13 pts)",2026-10-06,2026-10-08,trigger 2026-10-06
rocha-moya-acusacion,Acusación de Narcotráfico contra Rocha Moya,2026-09-02,trigger,Rubén Rocha Moya,"Sin Adán, Andy o Rocha Moya, Sheinbaum lanza: la 4T sigue - El Universal",https://news.google.com/rss/articles/CBMimAFBVV95cUxOU3lMNjlFZ1N1cTFPeF9Cem1DaUlqMC1yak40dlg2NU5WaVMzbzZjaGNTQUV2a25nSndDNjM2NE01d000dldPZ3dBdmNRYldHSDN6V210c0lQYmI1UFUzWGRIYWY0Ym5nVzRmaFJPNVNPeTFOYjRBNzNmSlQ3bkU3QlNxMDBoN2dhYUl2LWhSS0MycXR5b1hZY9IBrAFBVV95cUxQQVFZLTlWclNBVnpnbU9mSHhaOHRQY2RxVmt6dXY2QWU3Y0ZXRElJT183S0c2ek1lSjVzRlVCdEFRbWdwSFV5TTVJT2NiUkdGOHlzTGpNV3U2RTdOVkg2TndGaVRGSjZvWC0tQWctNzNxSXltTlRmWXBUbVJqNl9vYk5rdEFXd1BaenZ3bmFUWUk4dXVHcmNqMjN5dEowWTM5eGpXNDNZTU01SlVX?oc=5,Varios días seguidos por encima de lo normal (~1.8 notas al día) acumularon un aumento sostenido; ese día fueron 5. Quién lo protagoniza: Rubén Rocha Moya (3 de 5 notas) y Sheinbaum (2 de 5 notas).,Ritmo: de 1.8 a 2.0 notas al día (5 días de seguimiento) | Quién entra: ningún actor nuevo de peso | De qué se habla ahora: la conversación sigue en los mismos términos | Peso en la agenda: 41% → 18% de las notas de agenda nacional | Hacia dónde se mueve el foco: también ganó espacio «Reforma constitucional contra la doble nacionalidad en candidaturas» (+11 pts),2026-10-06,2026-10-08,trigger 2026-10-06
huachicol-fiscal,Huachicol Fiscal,2026-09-01,turning,,"Huachicol fiscal, “los negocios más jugosos al amparo del poder llevan el visto bueno del Presidente” - El Universal",https://news.google.com/rss/articles/CBMi6gFBVV95cUxPQmMxQ0tWdkRuQTZ3aF9nMmlSd1l0OHU0UnpfaS00WktSWDhRSllMazJseGttdk95dV9qdkM0dnJfcVJBenM1VHluT25iczNHVDJWWkI1YXc0SDhnQzBjNEt5cGpPcG9ucUxKQ3poVDJ2dFJpSkRUYldTdThYR2dGSGlPbEVIdGNuSFk1NFNCRkt2cWdjZF9uTzlHcS1wbjZvcmppbXRmb2VxLXBmcV9mN052WmdoQlZMX0VXVmFMZElnZWRBOGFoazRpQ0NXbnE4bGVuVnluSWhEREF0bjBZd3BweVQ4SFVRTmc?oc=5,Lo normal del tema son ~0.8 notas al día; ese día fueron 5 (por azar eso pasaría en menos de 1 de cada 800 días). Y se sostuvo: 18 notas en los 3 días siguientes.,"Ritmo: de 0.8 a 4.6 notas al día (5 días de seguimiento) | Quién entra: ningún actor nuevo de peso | De qué se habla ahora: marina, permisos, combustibles (palabras que antes casi no estaban) | Peso en la agenda: 41% → 35% de las notas de agenda nacional | Hacia dónde se mueve el foco: también ganó espacio «Segundo Informe de Gobierno de Claudia Sheinbaum» (+10 pts)",2026-10-06,2026-10-08,turning point 2026-10-06
rocha-moya-acusacion,Acusación de Narcotráfico contra Rocha Moya,2026-08-31,turning,Rubén Rocha Moya,¿Expulsión de Morena? Esta es la ruta con la que el partido podría remover a Rocha Moya e Inzunza - MILENIO,https://news.google.com/rss/articles/CBMioAFBVV95cUxPWUtKOUE2OHFyeEx3bnlCRHk3X2YtM195SW03Vl84U0EtdnktWFlWeHJMODducUNmc3huNEVGenpMMENWNG9CYlhOY1pDUVVNM0EzWmZEQzh1dzlHb09sYUV4NkFoRDh1YjRHa29VclVuazRNOG9NdlQzUXhZTXg1OGtvbjlGc2M1QUN1Sl9ZaVl4bXdkb0RFSmFsakRzaEs00gGgAUFVX3lxTE9ZS0o5QTY4cXJ4THdueUJEeTdfZi0zX3lJbTdWXzhTQS12eS1YWVZ4ckw4N25xQ2ZzeG40RUZ6ekwwQ1Y0b0JiWE5jWkNRVU0zQTNaZkRDOHV3OUdvT2xhRXg2QWhEOHViNEdrb1VyVW5rNE04b012VDNReFlNeDU4a29uOUZzYzVBQ3VKX1lpWXhtd2RvREVKYWxqRHNoSzQ?oc=5,"Lo normal del tema son ~0.6 notas al día; ese día fueron 6 (por azar eso pasaría en menos de 1 de cada 17,600 días). Quién lo protagoniza: Rubén Rocha Moya (5 de 6 notas) y Enrique Inzunza Cázarez (2 de 6 notas). Y se sostuvo: 11 notas en los 3 días siguientes.","Ritmo: de 0.6 a 3.0 notas al día (5 días de seguimiento) | Quién entra: Enrique Inzunza Cázarez, Enrique Inzunza Cázarez | De qué se habla ahora: la conversación sigue en los mismos términos | Peso en la agenda: 41% → 25% de las notas de agenda nacional | Hacia dónde se mueve el foco: también ganó espacio «Segundo Informe de Gobierno de Claudia Sheinbaum» (+8 pts)",2026-10-06,2026-10-08,turning point 2026-10-06
huachicol-fiscal,Huachicol Fiscal,2026-08-29,trigger,,"La FGR habría mencionado a Andrés Manuel López Beltrán, ‘Andy’, hijo del expresidente Andrés Manuel López Obrador, durante la audiencia de Fernando Farías Laguna por el caso de huachicol fiscal, de acuerdo con su abogado, Epigmenio Mendieta.⁠ ⁠ - facebook.com",https://news.google.com/rss/articles/CBMi9wFBVV95cUxQU0g3UkpBNDI5cW1uSDJGS1JfLTNheDNILWoxQWxKVXNWN1JkODFVUDZYbW1ZcW1leTBvWVhvdnlodjdHQ0l4ekRPdnpLMWprQjhpOFlGeERVY0JIeXRxSVhneWp2MXhVNVhnT05Tc1llUzhpZXNydDgxaGhPN2RaM3B6Z01kTzkyRXUwUVFCaUF5SUFROFBWU3hKbGN3ckFDcF9EVUhyeUFsb3JpcHZkOVRHRFhyamJrZk1uUVotMWRzbVo4UThPQ2Myek9IYUI2aW9yX3NBajN6aTlzaFJjLTFGSnR3THVrT1RvZmtmMHhldFo4MjZN?oc=5,Lo normal del tema son ~0.4 notas al día; ese día fueron 3 (por azar eso pasaría en menos de 1 de cada 200 días).,"Ritmo: de 0.4 a 5.4 notas al día (5 días de seguimiento) | Quién entra: ningún actor nuevo de peso | De qué se habla ahora: fiscalia, marina (palabras que antes casi no estaban) | Peso en la agenda: 46% → 38% de las notas de agenda nacional | Hacia dónde se mueve el foco: también ganó espacio «Segundo Informe de Gobierno de Claudia Sheinbaum» (+8 pts)",2026-10-06,2026-10-08,trigger 2026-10-06
rocha-moya-acusacion,Acusación de Narcotráfico contra Rocha Moya,2026-08-29,turning,Rubén Rocha Moya,¿Rocha Moya quiere vivir con El Chapo? - El Universal,https://news.google.com/rss/articles/CBMikwFBVV95cUxQcnB1Unl1dkpsTm9wQVRSaXlZLXk1UnBYdnBVRWJLREYwMHhpZjFEYlJmUDlLTFVGX2phekltYU41bjVfOE1DWi1abTFFMFd2QU5xR0NDN2d5M2NZbExKUlpDekVIZTZFQUI0SFBGNnJIOGZnQ3BVMC1kX2padkJLZW50bnFvZFdYdUJCVXZLQks5NlE?oc=5,"Lo normal del tema son ~0.4 notas al día; ese día fueron 4 (por azar eso pasaría en menos de 1 de cada 2,000 días). Quién lo protagoniza: Rubén Rocha Moya (3 de 4 notas). Y se sostuvo: 14 notas en los 3 días siguientes.","Ritmo: de 0.4 a 4.2 notas al día (5 días de seguimiento) | Quién entra: Sheinbaum, Andy, Enrique Inzunza Cázarez | De qué se habla ahora: exdirector (palabras que antes casi no estaban) | Peso en la agenda: 42% → 31% de las notas de agenda nacional | Hacia dónde se mueve el foco: también ganó espacio «Segundo Informe de Gobierno de Claudia Sheinbaum» (+8 pts)",2026-10-06,2026-10-08,turning point 2026-10-06
huachicol-fiscal,Huachicol Fiscal,2026-08-27,turning,Sheinbaum,"Sheinbaum afirma que investigación contra Farías Laguna por huachicol fiscal es muy sólida: ""Hay suficientes d - MILENIO",https://news.google.com/rss/articles/CBMilwFBVV95cUxOSTFQVTA1c2xLM0RXZ2Ewb0JwMThlRmFwVlc1RktvTFYyX2lXTmo4UUJqcWFOcV8tQlpKNGxXTWd0QTFscnNrenVlNTZTLTM3b2Q1cUR5ME5PdTJHQS1MUkZtU1F1OHUzaVF5dzEwckplbmRTNGF1ZTYwdGN4T1hmWHFkTG82T1ljYlZwQnV4anhyekhhMkZv0gGXAUFVX3lxTFAwVVhNeXVoM2NQS29ib3FrY0xzcDVpcFppOHJFZHpDTTZPSTVYSzA5bGNMZ3M2dzltcUZLczlBcFF4NVZpQlF1VFhGc0I3djRxVTlPekxKUTBFUGJDenZYOWxINlZFVjcyck9YMktJQ05zNUZrSC04NGhXTHdjdXRyRG1DSkFfNmNKeEhKVjFCWHZXall4bkE?oc=5,"Lo normal del tema son ~0.3 notas al día; ese día fueron 7 (por azar eso pasaría en menos de 1 de cada 29,946,300 días). Quién lo protagoniza: Sheinbaum (2 de 7 notas). Y se sostuvo: 12 notas en los 3 días siguientes.","Ritmo: de 0.3 a 4.0 notas al día (5 días de seguimiento) | Quién entra: Sheinbaum, AMLO, Andy | De qué se habla ahora: la conversación sigue en los mismos términos | Peso en la agenda: 33% → 40% de las notas de agenda nacional | Hacia dónde se mueve el foco: también ganó espacio «Revisión del T-MEC» (+10 pts)",2026-10-06,2026-10-08,turning point 2026-10-06
rocha-moya-acusacion,Acusación de Narcotráfico contra Rocha Moya,2026-08-27,turning,Rubén Rocha Moya,Los rochistas que aún no rompen con Rubén Rocha Moya tras la crisis en Sinaloa - El Sol de México,https://news.google.com/rss/articles/CBMixgFBVV95cUxOQWVmdlZmc2dvWjdjUEp2MTU4QzZKeEtpOUVLaXNUTjU2a0xELW5RUTlZQjRUb0o5eW1NOHdIQnM3QnhvNW4wRF9iUEFma21LV3dkZzJTZk1PRnVqbUstbzRZcjdZOUllZkdEWm4wUGdQb1RLSUQ4V0YwQ2QxRUFNYy1RSHNRdDVQRE1mNkU4NXpjZ2lkTEQxOEh0SlJ2b0RKUkl3QlpWWUpRMlpUc21tU0ZBTEo0S1RlOVFPUi0taFc3SEt4dlE?oc=5,"Rubén Rocha Moya entra con fuerza al tema: lo mencionan 4 de las 6 notas del día y en la semana previa casi no aparecía (1). Lo normal del tema son ~0.3 notas al día; ese día fueron 6 (por azar eso pasaría en menos de 1 de cada 1,276,400 días). Y se sostuvo: 12 notas en los 3 días siguientes.","Ritmo: de 0.3 a 4.4 notas al día (5 días de seguimiento) | Quién entra: Sheinbaum, Andy, Enrique Inzunza Cázarez | De qué se habla ahora: morena, sinaloa, justicia, exdirector (palabras que antes casi no estaban) | Peso en la agenda: 33% → 41% de las notas de agenda nacional | Hacia dónde se mueve el foco: también ganó espacio «Revisión del T-MEC» (+10 pts)",2026-10-06,2026-10-08,turning point 2026-10-06
