fecha,tema_id,cuadrante,impacto,medios,ambito
2026-10-05,huachicol-fiscal,actuar,9,30,nacional
2026-10-05,visa-de-andy,ruido,4.9,10,nacional
2026-10-05,tmec-revision,actuar,7,16,nacional
2026-10-05,rocha-moya-acusacion,ruido,5.5,6,nacional
2026-10-05,intervencion-militar-eeuu,bajoperfil,5.4,1,nacional
2026-10-05,la-barredora,ruido,6.4,5,nacional
2026-10-05,el-mencho,bajoperfil,1.8,2,local
2026-10-05,sinaloa-crisis,actuar,8.1,7,local
2026-10-05,segundo-informe-gobierno-2026,bajoperfil,5.8,2,nacional
2026-10-05,auto-c4363a69d5,bajoperfil,2,1,local
2026-10-05,auto-dda509b8ea,bajoperfil,5.6,2,local
2026-10-05,auto-50851e4c1e,bajoperfil,2,2,nacional
2026-10-05,auto-db2e0eef28,bajoperfil,7,1,nacional
2026-10-05,auto-e1e0f1db38,bajoperfil,0,2,nacional
2026-10-05,auto-e5f040f156,bajoperfil,2,3,nacional
2026-10-05,auto-a3cde516d7,bajoperfil,5.8,2,nacional
2026-10-05,auto-6c8acbf53c,bajoperfil,7.5,1,nacional
2026-10-05,auto-3db2d27a19,bajoperfil,6,1,nacional
2026-10-05,auto-6f0ffe12e8,ruido,4.2,6,local
2026-10-05,auto-a05c1de8b6,bajoperfil,2,2,nacional
2026-10-05,auto-2dfb665c05,bajoperfil,3,2,local
2026-10-05,auto-043bf7b202,bajoperfil,2,4,nacional
2026-10-05,auto-74eb0d08a7,bajoperfil,2,2,nacional
2026-10-05,auto-09670752d1,bajoperfil,2,4,nacional
2026-10-05,auto-b7f9c3e7ec,actuar,8.2,10,nacional
2026-10-05,auto-2b2e016dd8,ruido,2,5,nacional
2026-10-05,auto-ce0fc069f1,bajoperfil,1.9,3,nacional
2026-10-05,auto-1a7070ab4b,bajoperfil,2,2,nacional
2026-10-05,auto-49721c498b,ruido,6.3,10,local
2026-10-05,auto-28603c7610,bajoperfil,2,3,nacional
2026-10-05,auto-3164666da8,ruido,4.9,12,nacional
2026-10-05,auto-9331c54edc,ruido,2,20,nacional
2026-10-05,auto-10cc6a1112,bajoperfil,2,1,nacional
2026-10-05,auto-8471b47b7e,bajoperfil,2,2,nacional
2026-10-05,auto-569803e8d5,bajoperfil,2,1,nacional
2026-10-05,auto-4d06ef5b18,bajoperfil,4.6,3,nacional
2026-10-05,auto-deb968be37,ruido,2,7,nacional
2026-10-05,auto-af03748273,ruido,2,5,nacional
2026-10-05,auto-ee6efd9cf7,bajoperfil,6.8,3,nacional
2026-10-05,auto-d2ae07bb0d,bajoperfil,1.9,3,nacional
2026-10-05,auto-849ce1462c,ruido,2,5,nacional
2026-10-05,auto-93956bd174,ruido,5.5,7,nacional
2026-10-05,auto-02d8e54c89,ruido,2,11,nacional
2026-10-05,auto-88859caeb0,bajoperfil,6.9,4,nacional
2026-10-05,auto-0174e966c1,bajoperfil,5,2,local
2026-10-05,auto-8108d66665,bajoperfil,6,2,nacional
2026-10-05,auto-2125ed5fd0,bajoperfil,2,3,nacional
2026-10-05,auto-8983512cec,ruido,2,5,nacional
2026-10-05,auto-08b061e1fe,bajoperfil,1,1,nacional
2026-10-05,auto-04223cbd81,bajoperfil,2,1,local
2026-10-05,reforma-doble-nacionalidad,bajoperfil,2,1,nacional
2026-10-05,ley-egresos-2027,bajoperfil,5.5,1,local
2026-10-05,auto-b817af87c2,ruido,5.7,5,nacional
2026-10-05,auto-6df9b2e237,bajoperfil,2,2,nacional
2026-10-05,auto-68c5207df8,ruido,5.5,8,nacional
2026-10-05,auto-29e97c07ab,ruido,2,6,nacional
