nucleo_id,satelite_id,nivel,etiqueta_nivel,categoria
sheinbaum,garcia_harfuch,1,Núcleo de máxima cercanía,Político/Institucional
sheinbaum,rosa_icela,1,Núcleo de máxima cercanía,Político/Institucional
sheinbaum,lazaro_cardenas_batel,1,Núcleo de máxima cercanía,Operadores/Confianza
sheinbaum,luz_elena_gonzalez_escobar,1,Núcleo de máxima cercanía,Político/Institucional
sheinbaum,altagracia_gomez_sierra,1,Núcleo de máxima cercanía,Operadores/Confianza
sheinbaum,montiel,1,Núcleo de máxima cercanía,Operadores/Confianza
sheinbaum,sergio_salomon,2,Alta cercanía / peso operativo,Operadores/Confianza
sheinbaum,ebrard,2,Alta cercanía / peso operativo,Político/Institucional
sheinbaum,mario_delgado,2,Alta cercanía / peso operativo,Político/Institucional
sheinbaum,godoy,2,Alta cercanía / peso operativo,Político/Institucional
sheinbaum,jose_antonio_pena_merino,2,Alta cercanía / peso operativo,Operadores/Confianza
sheinbaum,velasco,2,Alta cercanía / peso operativo,Político/Institucional
sheinbaum,luisa_maria_alcalde,2,Alta cercanía / peso operativo,Político/Institucional
sheinbaum,citlalli,3,Red ampliada / aliados,Político/Institucional
sheinbaum,alfonso_durazo,3,Red ampliada / aliados,Político/Institucional
sheinbaum,clara_brugada_molina,3,Red ampliada / aliados,Político/Institucional
amlo,andy,1,Núcleo de máxima cercanía,Familiar
amlo,adan_augusto,1,Núcleo de máxima cercanía,Político/Institucional
amlo,rosa_icela,1,Núcleo de máxima cercanía,Político/Institucional
amlo,godoy,1,Núcleo de máxima cercanía,Político/Institucional
amlo,jose_ramon_lopez_beltran,1,Núcleo de máxima cercanía,Familiar
amlo,gonzalo_lopez_beltran,1,Núcleo de máxima cercanía,Familiar
amlo,rocha_moya,2,Alta cercanía / peso operativo,Político/Institucional
amlo,jesus_ramirez_cuevas,2,Alta cercanía / peso operativo,Operadores/Confianza
amlo,rafael_marin_mollinedo,2,Alta cercanía / peso operativo,Operadores/Confianza
amlo,octavio_romero_oropeza,2,Alta cercanía / peso operativo,Operadores/Confianza
amlo,clara_brugada_molina,3,Red ampliada / aliados,Político/Institucional
amlo,rocio_nahle_garcia,3,Red ampliada / aliados,Político/Institucional
amlo,ignacio_mier_velazco,3,Red ampliada / aliados,Político/Institucional
amlo,layda_sansores_san_roman,3,Red ampliada / aliados,Político/Institucional
trump,jd_vance,1,Núcleo de máxima cercanía,Político/Institucional
trump,rubio,1,Núcleo de máxima cercanía,Político/Institucional
trump,landau,1,Núcleo de máxima cercanía,Político/Institucional
trump,ronald_johnson,1,Núcleo de máxima cercanía,Político/Institucional
trump,pete_hegseth,1,Núcleo de máxima cercanía,Político/Institucional
trump,stephen_miller,2,Alta cercanía / peso operativo,Político/Institucional
trump,howard_lutnick,2,Alta cercanía / peso operativo,Político/Institucional
trump,jamieson_greer,2,Alta cercanía / peso operativo,Político/Institucional
trump,steve_witkoff,3,Red ampliada / aliados,Político/Institucional
trump,terrance_cole,3,Red ampliada / aliados,Político/Institucional
garcia_harfuch,sheinbaum,1,Núcleo de máxima cercanía,Político/Institucional
garcia_harfuch,francisco_almazan_barocio,1,Núcleo de máxima cercanía,Operadores/Confianza
garcia_harfuch,francisco_javier_moreno_montano,1,Núcleo de máxima cercanía,Operadores/Confianza
garcia_harfuch,pablo_vazquez_camacho,1,Núcleo de máxima cercanía,Operadores/Confianza
garcia_harfuch,marcela_figueroa_franco,2,Alta cercanía / peso operativo,Operadores/Confianza
garcia_harfuch,omar_reyes_colmenares,2,Alta cercanía / peso operativo,Operadores/Confianza
garcia_harfuch,israel_benitez_lopez,2,Alta cercanía / peso operativo,Operadores/Confianza
garcia_harfuch,rosa_icela,2,Alta cercanía / peso operativo,Político/Institucional
garcia_harfuch,ricardo_trevilla_trejo,3,Red ampliada / aliados,Político/Institucional
garcia_harfuch,raymundo_pedro_morales_angeles,3,Red ampliada / aliados,Político/Institucional
garcia_harfuch,luis_rodriguez_bucio,3,Red ampliada / aliados,Político/Institucional
rosa_icela,sheinbaum,1,Núcleo de máxima cercanía,
rosa_icela,amlo,1,Núcleo de máxima cercanía,
rosa_icela,garcia_harfuch,1,Núcleo de máxima cercanía,
rosa_icela,godoy,1,Núcleo de máxima cercanía,
rosa_icela,leticia_ramirez_amaya,1,Núcleo de máxima cercanía,
rosa_icela,luisa_maria_alcalde,2,Alta cercanía / peso operativo,
rosa_icela,mario_delgado,2,Alta cercanía / peso operativo,
rosa_icela,clara_brugada_molina,2,Alta cercanía / peso operativo,
rosa_icela,adan_augusto,2,Alta cercanía / peso operativo,
rosa_icela,montiel,3,Red ampliada / aliados,
rosa_icela,citlalli,3,Red ampliada / aliados,
rosa_icela,pablo_vazquez_camacho,3,Red ampliada / aliados,
rosa_icela,ricardo_trevilla_trejo,3,Red ampliada / aliados,
rosa_icela,raymundo_pedro_morales_angeles,3,Red ampliada / aliados,
rosa_icela,jesus_ramirez_cuevas,3,Red ampliada / aliados,
godoy,sheinbaum,1,Núcleo de máxima cercanía,
godoy,garcia_harfuch,1,Núcleo de máxima cercanía,
godoy,rosa_icela,1,Núcleo de máxima cercanía,
godoy,ulises_lara_lopez,1,Núcleo de máxima cercanía,
godoy,arturo_zaldivar_lelo_de_larrea,2,Alta cercanía / peso operativo,
godoy,pablo_gomez_alvarez,2,Alta cercanía / peso operativo,
godoy,leticia_ramirez_amaya,2,Alta cercanía / peso operativo,
godoy,luisa_maria_alcalde,2,Alta cercanía / peso operativo,
godoy,clara_brugada_molina,3,Red ampliada / aliados,
godoy,pablo_vazquez_camacho,3,Red ampliada / aliados,
godoy,marcela_figueroa_franco,3,Red ampliada / aliados,
godoy,jesus_ramirez_cuevas,3,Red ampliada / aliados,
ebrard,sheinbaum,1,Núcleo de máxima cercanía,Político/Institucional
ebrard,velasco,1,Núcleo de máxima cercanía,Político/Institucional
ebrard,luis_rosendo_gutierrez_romano,1,Núcleo de máxima cercanía,Operadores/Confianza
ebrard,ximena_escobedo_juarez,1,Núcleo de máxima cercanía,Operadores/Confianza
ebrard,martha_delgado_peralta,2,Alta cercanía / peso operativo,Operadores/Confianza
ebrard,malu_micher_camarena,2,Alta cercanía / peso operativo,Operadores/Confianza
ebrard,jesus_valdes_pena,2,Alta cercanía / peso operativo,Operadores/Confianza
ebrard,vidal_llerenas_morales,2,Alta cercanía / peso operativo,Operadores/Confianza
ebrard,amlo,3,Red ampliada / aliados,Político/Institucional
ebrard,altagracia_gomez_sierra,3,Red ampliada / aliados,Operadores/Confianza
montiel,sheinbaum,1,Núcleo de máxima cercanía,
montiel,amlo,1,Núcleo de máxima cercanía,
montiel,citlalli,1,Núcleo de máxima cercanía,
montiel,gabriel_garcia_hernandez,1,Núcleo de máxima cercanía,
montiel,luisa_maria_alcalde,2,Alta cercanía / peso operativo,
montiel,andy,2,Alta cercanía / peso operativo,
montiel,carlos_torres_rosas,2,Alta cercanía / peso operativo,
montiel,leticia_ramirez_amaya,2,Alta cercanía / peso operativo,
montiel,rosa_icela,3,Red ampliada / aliados,
montiel,jesus_ramirez_cuevas,3,Red ampliada / aliados,
montiel,clara_brugada_molina,3,Red ampliada / aliados,
montiel,mario_delgado,3,Red ampliada / aliados,
andy,amlo,1,Núcleo de máxima cercanía,Familiar
andy,jose_ramon_lopez_beltran,1,Núcleo de máxima cercanía,Familiar
andy,gonzalo_lopez_beltran,1,Núcleo de máxima cercanía,Familiar
andy,daniel_asaf_manjarrez,1,Núcleo de máxima cercanía,Operadores/Confianza
andy,amilcar_olan_aparicio,2,Alta cercanía / peso operativo,Empresarial
andy,alex_tonatiuh_marquez_hernandez,2,Alta cercanía / peso operativo,Político/Institucional
andy,mario_mabarak,2,Alta cercanía / peso operativo,Operadores/Confianza
andy,ricardo_pacheco,2,Alta cercanía / peso operativo,Operadores/Confianza
andy,adan_augusto,2,Alta cercanía / peso operativo,Político/Institucional
andy,montiel,3,Red ampliada / aliados,Político/Institucional
andy,citlalli,3,Red ampliada / aliados,Político/Institucional
andy,luisa_maria_alcalde,3,Red ampliada / aliados,Político/Institucional
andy,rocha_moya,3,Red ampliada / aliados,Político/Institucional
luisa_maria_alcalde,amlo,1,Núcleo de máxima cercanía,
luisa_maria_alcalde,sheinbaum,1,Núcleo de máxima cercanía,
luisa_maria_alcalde,bertha_lujan_uranga,1,Núcleo de máxima cercanía,
luisa_maria_alcalde,arturo_alcalde_justiniani,1,Núcleo de máxima cercanía,
luisa_maria_alcalde,montiel,2,Alta cercanía / peso operativo,
luisa_maria_alcalde,andy,2,Alta cercanía / peso operativo,
luisa_maria_alcalde,citlalli,2,Alta cercanía / peso operativo,
luisa_maria_alcalde,adan_augusto,2,Alta cercanía / peso operativo,
luisa_maria_alcalde,bertha_alcalde_lujan,2,Alta cercanía / peso operativo,
luisa_maria_alcalde,jesus_ramirez_cuevas,3,Red ampliada / aliados,
luisa_maria_alcalde,mario_delgado,3,Red ampliada / aliados,
luisa_maria_alcalde,rosa_icela,3,Red ampliada / aliados,
luisa_maria_alcalde,pablo_gomez_alvarez,3,Red ampliada / aliados,
citlalli,sheinbaum,1,Núcleo de máxima cercanía,
citlalli,montiel,1,Núcleo de máxima cercanía,
citlalli,marti_batres_guadarrama,1,Núcleo de máxima cercanía,
citlalli,luisa_maria_alcalde,2,Alta cercanía / peso operativo,
citlalli,mario_delgado,2,Alta cercanía / peso operativo,
citlalli,adan_augusto,2,Alta cercanía / peso operativo,
citlalli,amlo,3,Red ampliada / aliados,
citlalli,rosa_icela,3,Red ampliada / aliados,
citlalli,clara_brugada_molina,3,Red ampliada / aliados,
citlalli,jesus_ramirez_cuevas,3,Red ampliada / aliados,
mario_delgado,sheinbaum,1,Núcleo de máxima cercanía,
mario_delgado,ebrard,1,Núcleo de máxima cercanía,
mario_delgado,amlo,2,Alta cercanía / peso operativo,
mario_delgado,luisa_maria_alcalde,2,Alta cercanía / peso operativo,
mario_delgado,montiel,2,Alta cercanía / peso operativo,
mario_delgado,citlalli,2,Alta cercanía / peso operativo,
amlo,lazaro_cardenas_batel,2,Alta cercanía / peso operativo,Operadores/Confianza
amlo,raymundo_pedro_morales_angeles,2,Alta cercanía / peso operativo,Operadores/Confianza
amlo,marina_pilar,3,Red ampliada / aliados,Político/Institucional
amlo,indira_vizcaino,3,Red ampliada / aliados,Político/Institucional
amlo,miguel_angel_navarro,3,Red ampliada / aliados,Político/Institucional
amlo,alfredo_ramirez_bedolla,3,Red ampliada / aliados,Político/Institucional
amlo,salomon_jara,3,Red ampliada / aliados,Político/Institucional
amlo,david_monreal_avila,3,Red ampliada / aliados,Político/Institucional
amlo,americo_villarreal,3,Red ampliada / aliados,Político/Institucional
amlo,lorena_cuellar,3,Red ampliada / aliados,Político/Institucional
amlo,mara_lezama,3,Red ampliada / aliados,Político/Institucional
amlo,delfina_gomez,3,Red ampliada / aliados,Político/Institucional
amlo,alfonso_durazo,3,Red ampliada / aliados,Político/Institucional
amlo,julio_menchaca,3,Red ampliada / aliados,Político/Institucional
adan_augusto,amlo,1,Núcleo de máxima cercanía — su padre fue muy cercano a AMLO en Tabasco,
adan_augusto,melchor_lopez_hernandez,1,Núcleo de máxima cercanía — hermano,
adan_augusto,rosalinda_lopez_hernandez,1,Núcleo de máxima cercanía — hermana,
adan_augusto,oscar_trinidad_palomera,2,Alta cercanía / peso operativo — colaborador desde 2019,
adan_augusto,hernan_bermudez,2,Alta cercanía / peso operativo — designado por él como Secretario de Seguridad,
adan_augusto,ignacio_mier_velazco,3,Red ampliada / aliados — sucesor político en la coordinación del Senado,
monreal,david_monreal_avila,1,"Núcleo de máxima cercanía — hermano, gobernador de Zacatecas",
monreal,saul_monreal,1,"Núcleo de máxima cercanía — hermano, senador",
rocha_moya,eneyda_richa,1,Hija — núcleo de máxima cercanía,
rocha_moya,jorge_cano_felix,1,Núcleo de máxima cercanía — familiar,
rocha_moya,ruben_rocha_ruiz,1,Núcleo de máxima cercanía — familiar,
rocha_moya,ricardo_rocha_ruiz,1,Núcleo de máxima cercanía — familiar,
rocha_moya,jose_jesus_rocha_ruiz,1,Núcleo de máxima cercanía — familiar,
rocha_moya,enrique_inzunza,2,Alta cercanía / peso operativo — operación política,
rocha_moya,enrique_diaz_vega,2,Alta cercanía / peso operativo — operación política,
rocha_moya,juan_gamez,2,Alta cercanía / peso operativo — operación política,
rocha_moya,yeraldine_bonilla,2,Alta cercanía / peso operativo — operación política,
rocha_moya,joaquin_landeros,2,Alta cercanía / peso operativo — operación política,
rocha_moya,damaso_castro,2,Alta cercanía / peso operativo — operación política,
rocha_moya,gerardo_merida,2,Alta cercanía / peso operativo — operación política,
rocha_moya,marco_almanzar,2,Alta cercanía / peso operativo — operación política,
sheinbaum,amlo,1,Núcleo de máxima cercanía — predecesor y mentor político,Político/Institucional
amlo,sheinbaum,1,Núcleo de máxima cercanía — sucesora que impulsó,Político/Institucional
sheinbaum,trump,3,Red ampliada — contraparte central de la fricción bilateral con Estados Unidos,Político/Institucional
ebrard,rubio,3,Red ampliada — contraparte directa en negociaciones comerciales y arancelarias con EE.UU.,Político/Institucional
rubio,ebrard,3,Red ampliada — contraparte mexicana en negociaciones comerciales,
garcia_harfuch,terrance_cole,3,Red ampliada — contraparte de seguridad/antidrogas de EE.UU.,Político/Institucional
garcia_harfuch,ronald_johnson,3,Red ampliada — contraparte diplomática/seguridad de EE.UU.,Político/Institucional
andy,jose_ramiro_lopez_obrador,1,Núcleo de máxima cercanía — tío,Familiar
andy,pio_lopez_obrador,1,Núcleo de máxima cercanía — tío,Familiar
andy,jesus_selvan_garcia,2,Alta cercanía / peso operativo,Político/Institucional
andy,antonio_martinez_dagnino,2,Alta cercanía / peso operativo,Político/Institucional
andy,juan_pablo_de_botton,2,Alta cercanía / peso operativo,Político/Institucional
andy,carlos_torres_rosas,2,Alta cercanía / peso operativo,Político/Institucional
andy,claudia_curiel_icaza,2,Alta cercanía / peso operativo,Político/Institucional
andy,alejandro_calderon_alipi,3,Red ampliada — eje de contrataciones públicas,Empresarial
andy,cesar_calderon_alipi,3,Red ampliada — eje de contrataciones públicas,Empresarial
andy,alejandro_castro_jimenez_labora,3,Red ampliada — eje de infraestructura/amigos empresarios,Empresarial
andy,diego_jimenez_labora,3,Red ampliada — eje de infraestructura/amigos empresarios,Empresarial
andy,juan_beckmann_legorreta,3,Red ampliada — eje empresarial,Empresarial
andy,mauricio_garduño_gonzalez,3,Red ampliada — eje empresarial,Empresarial
andy,vinos_cosmicos,2,Alta cercanía / peso operativo — empresa propia (2021),Empresarial
andy,finca_rocio,2,Alta cercanía / peso operativo — empresa propia (2023),Empresarial
andy,realesco,2,Alta cercanía / peso operativo — empresa propia (2025),Empresarial
sheinbaum,edgar_amador,2,Alta cercanía / peso operativo — gabinete,Político/Institucional
sheinbaum,julio_berdegue,2,Alta cercanía / peso operativo — gabinete,Político/Institucional
sheinbaum,rosaura_ruiz,2,Alta cercanía / peso operativo — gabinete,Político/Institucional
amlo,cesar_yanez,1,"Núcleo de máxima cercanía — colaborador histórico, coordinador de giras",Operadores/Confianza
sheinbaum,carlos_ulloa,1,Núcleo de máxima cercanía — mano derecha histórica,Operadores/Confianza
