fecha,medio,titular,categoria,url_fuente,imagen_url
2026-09-28,El Universal,,Seguridad Nacional,https://www.eluniversal.com.mx/,data/portadas/2026-09-28-universal.jpg
2026-09-28,Reforma,,Gobernabilidad,https://www.reforma.com/,data/portadas/2026-09-28-reforma.jpg
2026-09-28,Milenio,,Economía,https://www.milenio.com/,data/portadas/2026-09-28-milenio.jpg
2026-09-28,La Jornada,,Social,https://www.jornada.com.mx/,data/portadas/2026-09-28-jornada.jpg
2026-09-28,El Financiero,,Economía,https://www.elfinanciero.com.mx/,data/portadas/2026-09-28-financiero.jpg
2026-09-28,El Economista,,Economía,https://www.eleconomista.com.mx/,data/portadas/2026-09-28-eleconomista.jpg
2026-09-28,La Prensa,,Social,https://www.la-prensa.com.mx/,data/portadas/2026-09-28-laprensa.jpg
2026-09-28,La Razón,,Gobernabilidad,https://www.razon.com.mx/,data/portadas/2026-09-28-razon.jpg
2026-09-28,El Sol de México,,Social,https://www.elsoldemexico.com.mx/,data/portadas/2026-09-28-sol_mexico.jpg
